<?xml version="1.0" encoding="UTF-8" ?>
<!--
Project:Easy Web Framework
Description:
EasyFK stands for Easy Web Framework.It's an open source product for E-Business / E-Commerce.It
was launched by a chinese Hezhiping(QQ:110476592) in 2015.The goal of EasyFK is to  provide a
foundation and starting point for reliable, secure , simple-to-use ,cost-effective ,scalable
and suitable-for-Chinese E-Business / E-Commerce solutions. With EasyFK, you can get started
right away without the huge deployment and maintenance costs of E-Business / E-Commerce systems.
Of course, you can customize it or use it as a framework to implement your most challenging business needs.
EasyFk is licensed under the Apache License Version 2.0.  You may obtain a copy of the License at
http://www.apache.org/licenses/LICENSE-2.0
Author:hezhiping   Email:110476592@qq.com
-->
<!DOCTYPE mapper PUBLIC
        "-//mybatis.org//DTD Mapper 3.0//EN"
        "http://mybatis.org/dtd/mybatis-3-mapper.dtd">
<mapper namespace="cn.gorun8.easyfk.common.dao.PortletReadDao">

    <select id="findPortletByCategory" parameterType="java.lang.String"   resultType="cn.gorun8.easyfk.entity.GenericValue">
        SELECT  * FROM portal_portlet as pp,portlet_portlet_category as ppc
        WHERE pp.PORTAL_PORTLET_ID = ppc.PORTAL_PORTLET_ID
        <if test="PORTLET_CATEGORY_ID != null">
           and ppc.PORTLET_CATEGORY_ID = #{PORTLET_CATEGORY_ID}
        </if>
    </select>

    <select id="findPortalByPageId" parameterType="java.lang.String"   resultType="cn.gorun8.easyfk.entity.GenericValue">
        SELECT  ppp.PORTAL_PAGE_ID,ppp.COLUMN_SEQ_ID,ppl.PORTLET_NAME ,ppl.SCREEN_NAME ,ppl.SCREEN_LOCATION FROM PORTAL_PAGE_PORTLET as ppp, PORTAL_PORTLET as ppl
        WHERE    ppl.PORTAL_PORTLET_ID=ppp.PORTAL_PORTLET_ID and  ppp.PORTAL_PAGE_ID=#{PORTAL_PAGE_ID} ORDER BY  SEQUENCE_NUM
    </select>

    <select id="findPortalPageColumn" parameterType="java.lang.String"   resultType="cn.gorun8.easyfk.entity.GenericValue">
        SELECT  ppc.PORTAL_PAGE_ID,ppc.COLUMN_SEQ_ID,ppc.COLUMN_WIDTH_PERCENTAGE  FROM PORTAL_PAGE_COLUMN as ppc
        WHERE   ppc.PORTAL_PAGE_ID=#{PORTAL_PAGE_ID}
    </select>

    <select id="findUserPortalPage" parameterType="java.lang.String"   resultType="cn.gorun8.easyfk.entity.GenericValue">
        SELECT  * FROM PORTAL_PAGE  as pp
        WHERE    pp.OWNER_USER_LOGIN_ID=#{OWNER_USER_LOGIN_ID} and pp.PORTAL_PAGE_ID=#{PORTAL_PAGE_ID}
    </select>

</mapper>