<?xml version="1.0" encoding="UTF-8"?>
<!--
Project:Easy Web Framework
Description:
EasyFK stands for Easy Web Framework.It's an open source product for E-Business / E-Commerce.It
was launched by a chinese Hezhiping(QQ:110476592) in 2015.The goal of EasyFK is to  provide a
foundation and starting point for reliable, secure , simple-to-use ,cost-effective ,scalable
and suitable-for-Chinese E-Business / E-Commerce solutions. With EasyFK, you can get started
right away without the huge deployment and maintenance costs of E-Business / E-Commerce systems.
Of course, you can customize it or use it as a framework to implement your most challenging business needs.
EasyFk is licensed under the Apache License Version 2.0.  You may obtain a copy of the License at
http://www.apache.org/licenses/LICENSE-2.0
Author:hezhiping   Email:110476592@qq.com
-->
<resource xmlns:xsi="http://www.w3.org/2001/XMLSchema-instance">
    <property key="ModelService.following_required_parameter_missing">
        <value xml:lang="en">The following required parameter is missing:</value>
        <value xml:lang="zh_CN">找不到下列必须的参数：</value>
    </property>
    <property key="serviceUtil.no_permission_to_operation">
        <value xml:lang="en">You do not have permission to perform this operation for this party</value>
        <value xml:lang="zh_CN">你没有执行这个操作所需的权限</value>
    </property>
    <property key="serviceUtil.no_permission_to_run">
        <value xml:lang="en">You do not have permission to run this service</value>
        <value xml:lang="zh_CN">你没有运行这个服务所需的权限</value>
    </property>
    <property key="serviceUtil.party_id_missing">
        <value xml:lang="en">Party ID missing</value>
        <value xml:lang="zh_CN">找不到会员标识</value>
    </property>
    <property key="serviceUtil.unable_to_cancel_job">
        <value xml:lang="en">Unable to cancel job</value>
        <value xml:lang="zh_CN">无法取消任务</value>
    </property>
    <property key="serviceUtil.unable_to_cancel_job_retries">
        <value xml:lang="en">Unable to cancel job retries</value>
        <value xml:lang="zh_CN">无法取消任务重试</value>
    </property>
    <property key="ServiceEntityAutoOperation">
        <value xml:lang="en">Error doing entity-auto operation for entity ${entityName} in service ${serviceName}: ${errorString}</value>
    </property>
    <property key="ServiceParameterValueNotValid">
        <value xml:lang="en">The ID value in the parameter ${parameterName} was not valid: ${errorDetails}</value>
    </property>
    <property key="ServiceTestDeadLockError">
        <value xml:lang="en">Error running deadlock test services: ${errorString}</value>
    </property>
    <property key="ServiceTestDeadLockRetry">
        <value xml:lang="en">Error(s) running sub-services in testServiceDeadLockRetry</value>
    </property>
    <property key="ServiceTestDeadLockThreadA">
        <value xml:lang="en">Error running testServiceDeadLockRetryThreadA: ${errorString}</value>
    </property>
    <property key="ServiceTestDeadLockThreadB">
        <value xml:lang="en">Error running testServiceDeadLockRetryThreadB: ${errorString}</value>
    </property>
    <property key="ServiceTestEntityEngineError">
        <value xml:lang="en">Entity Engine Exception: ${errorString}</value>
    </property>
    <property key="ServiceTestEntityEngineExceptionThreadA">
        <value xml:lang="en">Entity Engine Exception running dead lock test thread A: ${errorString}</value>
    </property>
    <property key="ServiceTestEntityEngineExceptionThreadB">
        <value xml:lang="en">Entity Engine Exception running dead lock test thread B: ${errorString}</value>
    </property>
    <property key="ServiceTestEntityEngineWaitInterruptedExceptionThreadA">
        <value xml:lang="en">Entity Engine Exception running dead lock test thread A: ${errorString}</value>
    </property>
    <property key="ServiceTestEntityEngineWaitInterruptedExceptionThreadB">
        <value xml:lang="en">Entity Engine Exception running dead lock test thread B: ${errorString}</value>
    </property>
    <property key="ServiceTestLockWaitTimeoutRetry">
        <value xml:lang="en">Error(s) running sub-services in testServiceLockWaitTimeoutRetry</value>
    </property>
    <property key="ServiceTestLockWaitTimeoutRetryGrabber">
        <value xml:lang="en">Entity Engine Exception running lock wait timeout test Grabber thread: ${errorString}</value>
    </property>
    <property key="ServiceTestLockWaitTimeoutRetryWaiter">
        <value xml:lang="en">Entity Engine Exception running lock wait timeout test Grabber thread: ${errorString}</value>
    </property>
    <property key="ServiceTestLockInterruptedExceptionRetryGrabber">
        <value xml:lang="en">Wait Interrupted Exception running lock wait timeout test Grabber thread: ${errorString}</value>
    </property>
    <property key="ServiceTestLockInterruptedExceptionRetryWaiter">
        <value xml:lang="en">Wait Interrupted Exception running lock wait timeout test Waiter thread: ${errorString}</value>
    </property>
    <property key="ServiceTestLockWaitTimeoutRetryCantRecoverWaiter">
        <value xml:lang="en">Error running testServiceLockWaitTimeoutRetryCantRecoverWaiter</value>
    </property>
    <property key="ServiceTestOwnTxError">
        <value xml:lang="en">Error running sub-service with own tx: ${errorString}</value>
    </property>
    <property key="ServiceTestOwnTxSubServiceAfterSetRollbackOnlyInParentErrorCatchWrapper">
        <value xml:lang="en">Error running ServiceTestOwnTxSubServiceAfterSetRollbackOnlyInParentErrorCatchWrapper</value>
    </property>
    <property key="ServiceTestOwnTxSubServiceAfterSetRollbackOnlyInParent">
        <value xml:lang="en">Error running sub-service in testServiceOwnTxSubServiceAfterSetRollbackOnlyInParent</value>
    </property>
    <property key="ServiceTestRollback">
        <value xml:lang="en">Intentional rollback to test global-rollback</value>
    </property>
    <property key="ServiceTestSubServiceError">
        <value xml:lang="en">Error calling sub-service, it should return an error but not throw an exception, so something went wrong: ${errorString}</value>
    </property>
    <property key="ServiceTestXmlRpcCalculationOK">
        <value xml:lang="en">adding integer 125 to 365 yields </value>
    </property>
    <property key="ServiceTestXmlRpcCalculationKO">
        <value xml:lang="en">calcul is wrong ! Why ?</value>
    </property>
    <property key="ServiceTestXmlRpcMissingParameters">
        <value xml:lang="en">missing parameters</value>
    </property>
    <property key="ServiceValueNotFound">
        <value xml:lang="en">Value not found, cannot update</value>
    </property>
</resource>
