<?xml version="1.0" encoding="UTF-8"?>
<!--
   Project:Easy Web Framework
   Description:
   EasyFK stands for Easy Web Framework.It's an open source product for E-Business / E-Commerce.It
   was launched by a chinese Hezhiping(QQ:110476592) in 2015.The goal of EasyFK is to  provide a
   foundation and starting point for reliable, secure , simple-to-use ,cost-effective ,scalable
   and suitable-for-Chinese E-Business / E-Commerce solutions. With EasyFK, you can get started
   right away without the huge deployment and maintenance costs of E-Business / E-Commerce systems.
   Of course, you can customize it or use it as a framework to implement your most challenging business needs.
   EasyFk is licensed under the Apache License Version 2.0.  You may obtain a copy of the License at
   http://www.apache.org/licenses/LICENSE-2.0
   Author:hezhiping   Email:110476592@qq.com
-->
<!--
本文件自动扫描cn.gorun8.easyfk.security.controller下的@Controller形成SpringMVC的Mapping。
为了简便，我们建议您也采用cn.gorun8.easyfk.security.controller这样的包结构管理Controller。
如果需要引用其它组件的controller，可以在本文件中添加相应的扫描即可。
-->
<beans xmlns="http://www.springframework.org/schema/beans"
	xmlns:xsi="http://www.w3.org/2001/XMLSchema-instance" xmlns:aop="http://www.springframework.org/schema/aop"
	xmlns:c="http://www.springframework.org/schema/c" xmlns:cache="http://www.springframework.org/schema/cache"
	xmlns:context="http://www.springframework.org/schema/context"
	xmlns:jdbc="http://www.springframework.org/schema/jdbc" xmlns:jee="http://www.springframework.org/schema/jee"
	xmlns:lang="http://www.springframework.org/schema/lang" xmlns:mvc="http://www.springframework.org/schema/mvc"
	xmlns:p="http://www.springframework.org/schema/p" xmlns:task="http://www.springframework.org/schema/task"
	xmlns:tx="http://www.springframework.org/schema/tx" xmlns:util="http://www.springframework.org/schema/util"
	xsi:schemaLocation="http://www.springframework.org/schema/beans http://www.springframework.org/schema/beans/spring-beans.xsd
		http://www.springframework.org/schema/aop http://www.springframework.org/schema/aop/spring-aop.xsd
		http://www.springframework.org/schema/cache http://www.springframework.org/schema/cache/spring-cache.xsd
		http://www.springframework.org/schema/context http://www.springframework.org/schema/context/spring-context.xsd
		http://www.springframework.org/schema/jdbc http://www.springframework.org/schema/jdbc/spring-jdbc.xsd
		http://www.springframework.org/schema/jee http://www.springframework.org/schema/jee/spring-jee.xsd
		http://www.springframework.org/schema/lang http://www.springframework.org/schema/lang/spring-lang.xsd
		http://www.springframework.org/schema/mvc http://www.springframework.org/schema/mvc/spring-mvc.xsd
		http://www.springframework.org/schema/task http://www.springframework.org/schema/task/spring-task.xsd
		http://www.springframework.org/schema/tx http://www.springframework.org/schema/tx/spring-tx.xsd
		http://www.springframework.org/schema/util http://www.springframework.org/schema/util/spring-util.xsd">

	<mvc:annotation-driven />

	<!-- Freemaerker 配置 开始 -->
    <bean id="freemarkerConfig" class="cn.gorun8.easyfk.webapp.ftl.EasyFKFreeMarkerConfigurer">
        <property name="templateLoaderPath" value="/resources/" />
        <property name="freemarkerSettings">
            <props>
                <prop key="template_update_delay">0</prop>
                <prop key="default_encoding">UTF-8</prop>
                <prop key="number_format">0.####</prop>
                <prop key="datetime_format">yyyy-MM-dd HH:mm:ss</prop>
                <prop key="classic_compatible">true</prop>
                <prop key="template_exception_handler">ignore</prop>
            </props>
        </property>
    </bean>
	
	<bean id="viewResolver"
        class="org.springframework.web.servlet.view.freemarker.FreeMarkerViewResolver">
        <property name="cache" value="true" />
		<property name="viewClass" value="cn.gorun8.easyfk.webapp.ftl.EasyFKFreeMarkerView"/>
        <property name="prefix" value="" />
        <property name="suffix" value=".ftl" />
        <property name="contentType" value="text/html;charset=UTF-8"/>
        <property name="requestContextAttribute" value="request" />
        <property name="exposeSpringMacroHelpers" value="true" />
        <property name="exposeRequestAttributes" value="true" />
        <property name="exposeSessionAttributes" value="true" />
    </bean>
	<!-- Freemaerker 配置 结束 -->
	
	<mvc:resources mapping="/style/**" location="/style/" />
	<mvc:resources mapping="/js/**" location="/js/" />
	<mvc:resources mapping="/config/**" location="/config/" />

	<mvc:view-controller path="/" view-name="redirect:login" />
	<mvc:view-controller path="/page/**" />
	
	<!--将拦截所有的URL请求 -->
	<!-- 
	<mvc:interceptors>
	    <mvc:interceptor>
	        <mvc:mapping path="/**" />
	        <mvc:exclude-mapping path="/logout/**" />
	    	<bean class="cn.gorun8.easyfk.webapp.interceptor.SsoInterceptor"/>
	    </mvc:interceptor>
	</mvc:interceptors>
	 -->
	 
	<context:component-scan base-package="cn.gorun8.easyfk.security.controller"
		use-default-filters="false">
		<context:include-filter type="annotation"
			expression="org.springframework.stereotype.Controller" />
	</context:component-scan>
	<!--默认引入common组件中-->
	<context:component-scan base-package="cn.gorun8.easyfk.common.controller"
							use-default-filters="false">
		<context:include-filter type="annotation"
								expression="org.springframework.stereotype.Controller" />
	</context:component-scan>

</beans>
