<?xml version="1.0" encoding="UTF-8"?>
<!--
   Project:Easy Web Framework
   Description:
   EasyFK stands for Easy Web Framework.It's an open source product for E-Business / E-Commerce.It
   was launched by a chinese Hezhiping(QQ:110476592) in 2015.The goal of EasyFK is to  provide a
   foundation and starting point for reliable, secure , simple-to-use ,cost-effective ,scalable
   and suitable-for-Chinese E-Business / E-Commerce solutions. With EasyFK, you can get started
   right away without the huge deployment and maintenance costs of E-Business / E-Commerce systems.
   Of course, you can customize it or use it as a framework to implement your most challenging business needs.
   EasyFk is licensed under the Apache License Version 2.0.  You may obtain a copy of the License at
   http://www.apache.org/licenses/LICENSE-2.0
   Author:hezhiping   Email:110476592@qq.com
-->
<easyfk-application name="security" 
        xmlns:xsi="http://www.w3.org/2001/XMLSchema-instance"
        xsi:noNamespaceSchemaLocation="http://www.gorun8.cn/dtds/easyfk-application.xsd">
    
    <!-- place the config directory on the classpath to access configuration files -->
    <classpath type="dir" location="config"/>
   
    <!-- load single or multiple external libraries -->
    <classpath type="jar" location="build/lib/*"/>
    <classpath type="jar" location="lib/*"/>
	<entity-resource type="model" reader-name="main" loader="main" location="entitydef/${db.type}/user_login.sql"/>
    <entity-resource type="model" reader-name="main" loader="main" location="entitydef/${db.type}/security.sql"/>
    <entity-resource type="data" reader-name="main" loader="main" location="entitydef/${db.type}/user_login_seed.sql"/>
    <entity-resource type="data" reader-name="main" loader="main" location="entitydef/${db.type}/security_seed.sql"/>

    <!-- web baseapps; will be mounted when using the embedded container -->
    <webapp name="security"
        title="security"
        server="default-server"
        location="webapp/security"
        mount-point="/security"/>
</easyfk-application>