<?xml version="1.0" encoding="UTF-8"?>
<!--
   Project:Easy Web Framework
   Description:
   EasyFK stands for Easy Web Framework.It's an open source product for E-Business / E-Commerce.It
   was launched by a chinese Hezhiping(QQ:110476592) in 2015.The goal of EasyFK is to  provide a
   foundation and starting point for reliable, secure , simple-to-use ,cost-effective ,scalable
   and suitable-for-Chinese E-Business / E-Commerce solutions. With EasyFK, you can get started
   right away without the huge deployment and maintenance costs of E-Business / E-Commerce systems.
   Of course, you can customize it or use it as a framework to implement your most challenging business needs.
   EasyFk is licensed under the Apache License Version 2.0.  You may obtain a copy of the License at
   http://www.apache.org/licenses/LICENSE-2.0
   Author:hezhiping   Email:110476592@qq.com
-->
<!--
本文件是Mybatis的配置，它扫描cn.gorun8.easyfk.**.dao下的接口，生成相应的DAO层代码。
为了简便，我们建议您也采用cn.gorun8.easyfk.**.dao这样的包结构管理DAO。
如果不希望采用这种方式扫描，可以从web.xml中将该文件移除即可。
注意：该文件被所有组件共享，建议不要修改该文件，除非你非常明确用途。
-->
<beans xmlns="http://www.springframework.org/schema/beans"
	xmlns:xsi="http://www.w3.org/2001/XMLSchema-instance" xmlns:aop="http://www.springframework.org/schema/aop"
	xmlns:c="http://www.springframework.org/schema/c" xmlns:cache="http://www.springframework.org/schema/cache"
	xmlns:context="http://www.springframework.org/schema/context"
	xmlns:jdbc="http://www.springframework.org/schema/jdbc" xmlns:jee="http://www.springframework.org/schema/jee"
	xmlns:lang="http://www.springframework.org/schema/lang" xmlns:mvc="http://www.springframework.org/schema/mvc"
	xmlns:p="http://www.springframework.org/schema/p" xmlns:task="http://www.springframework.org/schema/task"
	xmlns:tx="http://www.springframework.org/schema/tx" xmlns:util="http://www.springframework.org/schema/util"
	xsi:schemaLocation="http://www.springframework.org/schema/beans http://www.springframework.org/schema/beans/spring-beans.xsd
		http://www.springframework.org/schema/aop http://www.springframework.org/schema/aop/spring-aop.xsd
		http://www.springframework.org/schema/cache http://www.springframework.org/schema/cache/spring-cache.xsd
		http://www.springframework.org/schema/context http://www.springframework.org/schema/context/spring-context.xsd
		http://www.springframework.org/schema/jdbc http://www.springframework.org/schema/jdbc/spring-jdbc.xsd
		http://www.springframework.org/schema/jee http://www.springframework.org/schema/jee/spring-jee.xsd
		http://www.springframework.org/schema/lang http://www.springframework.org/schema/lang/spring-lang.xsd
		http://www.springframework.org/schema/mvc http://www.springframework.org/schema/mvc/spring-mvc.xsd
		http://www.springframework.org/schema/task http://www.springframework.org/schema/task/spring-task.xsd
		http://www.springframework.org/schema/tx http://www.springframework.org/schema/tx/spring-tx.xsd
		http://www.springframework.org/schema/util http://www.springframework.org/schema/util/spring-util.xsd">

	<bean id="commonReadSqlSessionFactory" class="org.mybatis.spring.SqlSessionFactoryBean" >
		<property name="dataSource" ref="commonDataSource" />
		<property name="configLocation" value="classpath:mybatis-read-configuration.xml" />
		<property name="mapperLocations"
              value="classpath*:sql/${db.dbtype}/*Mapper.xml" />
		<property name="plugins">
			<array>
				<bean class="com.github.pagehelper.PageHelper">
					<property name="properties">
						<value>
							dialect=mysql
							reasonable=true
						</value>
					</property>
				</bean>
			</array>
		</property>
	</bean>

	<bean id="commonWriteSqlSessionFactory" class="org.mybatis.spring.SqlSessionFactoryBean" >
		<property name="dataSource" ref="commonDataSource" />
		<!--configLocation属性指定mybatis的核心配置文件-->
		<property name="configLocation" value="classpath:mybatis-write-configuration.xml" />
		<property name="mapperLocations"
				  value="classpath*:sql/${db.dbtype}/*Mapper.xml" />
		<property name="plugins">
			<array>
				<bean class="com.github.pagehelper.PageHelper">
					<property name="properties">
						<value>
							dialect=mysql
							reasonable=true
						</value>
					</property>
				</bean>
			</array>
		</property>
	</bean>

	<bean id="partyReadSqlSessionFactory" class="org.mybatis.spring.SqlSessionFactoryBean" >
		<property name="dataSource" ref="partyReadDataSource" />
		<!--configLocation属性指定mybatis的核心配置文件-->
		<property name="configLocation" value="classpath:mybatis-read-configuration.xml" />
		<property name="mapperLocations"
				  value="classpath*:sql/${db.dbtype}/*Mapper.xml" />
		<property name="plugins">
			<array>
				<bean class="com.github.pagehelper.PageHelper">
					<property name="properties">
						<value>
							dialect=mysql
							reasonable=true
						</value>
					</property>
				</bean>
			</array>
		</property>
	</bean>

	<bean id="partyWriteSqlSessionFactory" class="org.mybatis.spring.SqlSessionFactoryBean" >
		<property name="dataSource" ref="partyWriteDataSource" />
		<!--configLocation属性指定mybatis的核心配置文件-->
		<property name="configLocation" value="classpath:mybatis-write-configuration.xml" />
		<property name="mapperLocations"
				  value="classpath*:sql/${db.dbtype}/*Mapper.xml" />
		<property name="plugins">
			<array>
				<bean class="com.github.pagehelper.PageHelper">
					<property name="properties">
						<value>
							dialect=mysql
							reasonable=true
						</value>
					</property>
				</bean>
			</array>
		</property>
	</bean>

	<bean id="commonReadSqlSession" class="cn.gorun8.easyfk.entity.datasource.ReadSqlSessionTemplate" >
		<constructor-arg index="0" ref="commonReadSqlSessionFactory" />
	</bean>
	<bean id="commonWriteSqlSession" class="cn.gorun8.easyfk.entity.datasource.WriteSqlSessionTemplate" >
		<constructor-arg index="0" ref="commonWriteSqlSessionFactory" />
	</bean>

	<bean id="partyReadSqlSession" class="cn.gorun8.easyfk.entity.datasource.ReadSqlSessionTemplate" >
		<constructor-arg index="0" ref="partyReadSqlSessionFactory" />
	</bean>
	<bean id="partyWriteSqlSession" class="cn.gorun8.easyfk.entity.datasource.WriteSqlSessionTemplate" >
		<constructor-arg index="0" ref="partyWriteSqlSessionFactory" />
	</bean>

</beans>
