<?xml version="1.0" encoding="UTF-8"?>
<!--
   Project:Easy Web Framework
   Description:
   EasyFK stands for Easy Web Framework.It's an open source product for E-Business / E-Commerce.It
   was launched by a chinese Hezhiping(QQ:110476592) in 2015.The goal of EasyFK is to  provide a
   foundation and starting point for reliable, secure , simple-to-use ,cost-effective ,scalable
   and suitable-for-Chinese E-Business / E-Commerce solutions. With EasyFK, you can get started
   right away without the huge deployment and maintenance costs of E-Business / E-Commerce systems.
   Of course, you can customize it or use it as a framework to implement your most challenging business needs.
   EasyFk is licensed under the Apache License Version 2.0.  You may obtain a copy of the License at
   http://www.apache.org/licenses/LICENSE-2.0
   Author:hezhiping   Email:110476592@qq.com
-->
<!DOCTYPE configuration   
    PUBLIC "-//mybatis.org//DTD Config 3.0//EN"   
    "http://mybatis.org/dtd/mybatis-3-config.dtd">
<configuration>
 <settings>
  <!-- 全局的映射器启用或禁用缓存。 -->
  <setting name="cacheEnabled" value="true" />
  <!-- 全局启用或禁用延迟加载 -->
  <setting name="lazyLoadingEnabled" value="true" />
  <!-- 允许或不允许多种结果集从一个单独的语句中返回 -->
  <setting name="multipleResultSetsEnabled" value="true" />
  <!-- 使用列标签代替列名 -->
  <setting name="useColumnLabel" value="true" />
  <!-- 允许JDBC支持生成的键 -->
  <setting name="useGeneratedKeys" value="false" />
  <!-- 配置默认的执行器 -->
  <setting name="defaultExecutorType" value="SIMPLE" />
  <!-- 设置超时时间 -->
  <setting name="defaultStatementTimeout" value="25000" />
 </settings>
</configuration>  