<?xml version="1.0" encoding="UTF-8"?>
<!--
   Project:Easy Web Framework
   Description:
   EasyFK stands for Easy Web Framework.It's an open source product for E-Business / E-Commerce.It
   was launched by a chinese Hezhiping(QQ:110476592) in 2015.The goal of EasyFK is to  provide a
   foundation and starting point for reliable, secure , simple-to-use ,cost-effective ,scalable
   and suitable-for-Chinese E-Business / E-Commerce solutions. With EasyFK, you can get started
   right away without the huge deployment and maintenance costs of E-Business / E-Commerce systems.
   Of course, you can customize it or use it as a framework to implement your most challenging business needs.
   EasyFk is licensed under the Apache License Version 2.0.  You may obtain a copy of the License at
   http://www.apache.org/licenses/LICENSE-2.0
   Author:hezhiping   Email:110476592@qq.com
-->
<resource xmlns:xsi="http://www.w3.org/2001/XMLSchema-instance">
    <property key="loginevents.error_accessing_password">
        <value xml:lang="en">Error accessing password: ${errorMessage}.</value>
        <value xml:lang="zh_CN">访问密码时出错：${errorMessage}。</value>
    </property>
    <property key="loginevents.error_accessing_password_change_history">
        <value xml:lang="en">Error accessing password change history: ${errorMessage}.</value>
        <value xml:lang="zh_CN">访问密码修改历史记录时出错：${errorMessage}。</value>
    </property>
    <property key="loginevents.error_saving_new_password_email_not_correct_password">
        <value xml:lang="en">Error saving new password, the email that you receive will not have the correct password in it, your old password is still being used: ${errorMessage}.</value>
        <value xml:lang="zh_CN">保存新密码时出错，你收到的电子邮件中的密码不会是正确的，仍会使用你的旧密码：${errorMessage}。</value>
    </property>
    <property key="loginevents.error_unable_email_password_contact_customer_service">
        <value xml:lang="en">Error occurred: unable to email password.  Please try again later or contact customer service.</value>
        <value xml:lang="zh_CN">发生错误：无法发送带有密码的电子邮件。请重试或与客户服务联系。</value>
    </property>
    <property key="loginevents.error_unable_email_password_contact_customer_service_errorwas">
        <value xml:lang="en">Error occurred: unable to email password.  Please try again later or contact customer service. (error was: ${errorMessage}).</value>
        <value xml:lang="zh_CN">发生错误：无法发送带有密码的电子邮件。请重试或与客户服务联系(错误是：${errorMessage})。</value>
    </property>
    <property key="loginevents.following_error_occurred_during_login">
        <value xml:lang="en">following error occurred during login: ${errorMessage}</value>
        <value xml:lang="zh_CN">登录时发生下列错误：${errorMessage}</value>
    </property>
    <property key="loginevents.new_password_createdandsent_check_email">
        <value xml:lang="en">A new password has been created and sent to you. Please check your Email.</value>
        <value xml:lang="zh_CN">新建了一个新密码并发送给你了。请检查你的电子邮件。</value>
    </property>
    <property key="loginevents.new_password_sent_check_email">
        <value xml:lang="en">Your password has been sent to you. Please check your Email.</value>
        <value xml:lang="zh_CN">你的密码已经发送给你了。请检查你的电子邮件。</value>
    </property>
    <property key="loginevents.no_password_hint_specified_try_password_emailed">
        <value xml:lang="en">No password hint was specified, try having the password emailed instead.</value>
        <value xml:lang="zh_CN">没有指定密码提示，请尝试使用电子邮件邮寄密码。</value>
    </property>
    <property key="loginevents.no_primary_email_address_set_contact_customer_service">
        <value xml:lang="en">No Primary Email Address has been set, please contact customer service.</value>
        <value xml:lang="zh_CN">没有设置电子邮件地址，请与客户服务联系。</value>
    </property>
    <property key="loginevents.password_hint_is">
        <value xml:lang="en">The Password Hint is: ${passwordHint}.</value>
        <value xml:lang="zh_CN">密码提示是：${passwordHint}。</value>
    </property>
    <property key="loginevents.password_was_changed_with_success">
        <value xml:lang="en">Your password has been changed successfully</value>
    </property>
    <property key="loginevents.password_was_empty_reenter">
        <value xml:lang="en">password was empty reenter</value>
        <value xml:lang="zh_CN">密码是空的，请重新输入。</value>
    </property>
    <property key="loginevents.problems_with_configuration_contact_customer_service">
        <value xml:lang="en">Problems with configuration; please contact customer service.</value>
        <value xml:lang="zh_CN">配置出错；请与客户服务联系。</value>
    </property>
    <property key="loginevents.unable_to_login_tenant">
        <value xml:lang="en">You cannot login to this tenant</value>
    </property>
    <property key="loginevents.unable_to_login_this_application">
        <value xml:lang="en">You cannot login to this application</value>
        <value xml:lang="zh_CN">无法登录这个应用程序</value>
    </property>
    <property key="loginevents.user_already_logged_in">
        <value xml:lang="en">This user is already logged in.</value>
        <value xml:lang="zh_CN">这个用户已经登录了。</value>
    </property>
    <property key="loginevents.username_not_found_reenter">
        <value xml:lang="en">The Username was not found, please re-enter.</value>
        <value xml:lang="zh_CN">没有找到用户名，请重新输入。</value>
    </property>
    <property key="loginevents.username_was_empty_reenter">
        <value xml:lang="en">username was empty reenter</value>
        <value xml:lang="zh_CN">用户名是空的，请重新输入</value>
    </property>
    <property key="loginevents.verifycode.error">
        <value xml:lang="en">验证码不正确，请重新输入</value>
        <value xml:lang="zh_CN">验证码不正确，请重新输入</value>
    </property>
    
    
    <property key="loginmapprocs.new_password_missing">
        <value xml:lang="en">New Password is missing.</value>
        <value xml:lang="zh_CN">缺少新密码。</value>
    </property>
    <property key="loginmapprocs.new_password_verify_missing">
        <value xml:lang="en">New Password Verify is missing</value>
        <value xml:lang="zh_CN">缺少新密码验证</value>
    </property>
    <property key="loginmapprocs.old_password_missing">
        <value xml:lang="en">The (old) Password is missing.</value>
        <value xml:lang="zh_CN">缺少(旧)密码。</value>
    </property>
    <property key="loginmapprocs.password_not_equal_verfiy_password">
        <value xml:lang="en">New Password does not equal Verify Password</value>
        <value xml:lang="zh_CN">新密码不等于验证密码</value>
    </property>
    <property key="loginmapprocs.password_successfully_updated">
        <value xml:lang="en">Password successfully updated.</value>
        <value xml:lang="zh_CN">密码已成功更新。</value>
    </property>
    <property key="loginservices.account_for_user_login_id_disabled">
        <value xml:lang="en">The account for user login id "${username}" has been disabled.</value>
        <value xml:lang="zh_CN">用户登录标识为"${username}"的账户已被禁用。</value>
    </property>
    <property key="loginservices.could_not_change_password_read_failure">
        <value xml:lang="en">Could not change password (read failure): ${errorMessage}.</value>
        <value xml:lang="zh_CN">无法修改密码(读错误)：${errorMessage}。</value>
    </property>
    <property key="loginservices.could_not_change_password_userlogin_with_id_not_exist">
        <value xml:lang="en">Could not change password, UserLogin with ID "${userLoginId}" does not exist.</value>
        <value xml:lang="zh_CN">无法修改密码，用户登录标识"${userLoginId}"不存在。</value>
    </property>
    <property key="loginservices.could_not_change_password_write_failure">
        <value xml:lang="en">Could not change password (write failure): ${errorMessage}.</value>
        <value xml:lang="zh_CN">无法修改密码(写错误)：${errorMessage}。</value>
    </property>
    <property key="loginservices.could_not_create_login_user_read_failure">
        <value xml:lang="en">Could not create login user (read failure): ${errorMessage}.</value>
        <value xml:lang="zh_CN">无法创建登录用户(读错误)：${errorMessage}。</value>
    </property>
    <property key="loginservices.could_not_create_login_user_with_ID_exists">
        <value xml:lang="en">Could not create login user: user with ID "${userLoginId}" already exists.</value>
        <value xml:lang="zh_CN">无法创建登录用户：用户标识"${userLoginId}"已存在。</value>
    </property>
    <property key="loginservices.could_not_create_login_user_write_failure">
        <value xml:lang="en">Couldn't create login user (write failure): ${errorMessage}.</value>
        <value xml:lang="zh_CN">无法创建登录用户(写错误)：${errorMessage}。</value>
    </property>
    <property key="loginservices.could_not_disable_old_login_user_write_failure">
        <value xml:lang="en">Couldn't disable old login user (write failure): ${errorMessage}.</value>
        <value xml:lang="zh_CN">无法禁用旧的登录用户(写错误)：${errorMessage}。</value>
    </property>
    <property key="loginservices.ldap_authentication_failed">
        <value xml:lang="en">LDAP authentication failed.</value>
        <value xml:lang="zh_CN">LDAP认证失败。</value>
    </property>
    <property key="loginservices.must_be_logged_in_and_permission_create_login_party_ID_exists">
        <value xml:lang="en">You must be logged in and have permission to create a user login with a party ID for a party that already exists.</value>
        <value xml:lang="zh_CN">你必须登录，并且必须有权使用一个已有的会员标识创建用户登录。</value>
    </property>
    <property key="loginservices.must_logged_in_have_permission_create_user_login_exists">
        <value xml:lang="en">You must be logged in and have permission to create a user login with a party ID for a party that already exists.</value>
        <value xml:lang="zh_CN">你必须登录，并且有权限用已存在的会员标识创建用户登录。</value>
    </property>
    <property key="loginservices.new_password_is_equal_to_old_password">
        <value xml:lang="en">The new password must be different from the old one.</value>
        <value xml:lang="zh_CN">新密码必须与旧的不同。</value>
    </property>
    <property key="loginservices.not_have_permission_update_password_for_user_login">
        <value xml:lang="en">You do not have permission to update the password for this user login.</value>
        <value xml:lang="zh_CN">你没有权限为这个用户更新密码。</value>
    </property>
    <property key="loginservices.not_permission_update_security_info_for_user_login">
        <value xml:lang="en">You do not have permission to update the security info for this user login.</value>
        <value xml:lang="zh_CN">你无权为这个登录用户更新安全信息。</value>
    </property>
    <property key="loginservices.not_scheduled_to_be_reenabled">
        <value xml:lang="en">It is not scheduled to be re-enabled.</value>
        <value xml:lang="zh_CN">没有把重新启用列入计划。</value>
    </property>
    <property key="loginservices.old_password_not_correct_reenter">
        <value xml:lang="en">Old Password was not correct, please re-enter.</value>
        <value xml:lang="zh_CN">旧密码不正确，请重新输入。</value>
    </property>
    <property key="loginservices.party_with_party_id_exists_not_permission_create_user_login">
        <value xml:lang="en">Party with specified party ID exists and you do not have permission to create a user login with this party ID.</value>
        <value xml:lang="zh_CN">指定的会员标识已存在，你无权用这个会员标识创建用户登录。</value>
    </property>
    <property key="loginservices.party_with_specified_party_ID_exists_not_have_permission">
        <value xml:lang="en">Party with specified party ID exists and you do not have permission to create a user login with this party ID.</value>
        <value xml:lang="zh_CN">指定的会员标识已存在，你无权使用这个标识创建用户登录。</value>
    </property>
    <property key="loginservices.password_did_not_match_verify_password">
        <value xml:lang="en">Password did not match verify password.</value>
        <value xml:lang="zh_CN">密码与验证密码不一致。</value>
    </property>
    <property key="loginservices.password_hint_may_not_contain_password">
        <value xml:lang="en">Password hint may not contain the password.</value>
        <value xml:lang="zh_CN">密码提示里不能含有密码。</value>
    </property>
    <property key="loginservices.password_incorrect">
        <value xml:lang="en">Password incorrect.</value>
        <value xml:lang="zh_CN">密码不正确。</value>
    </property>
    <property key="loginservices.password_may_not_equal_username">
        <value xml:lang="en">Password may not equal the Username.</value>
        <value xml:lang="zh_CN">密码不能与用户名一样。</value>
    </property>
    <property key="loginservices.password_missing">
        <value xml:lang="en">Password missing.</value>
        <value xml:lang="zh_CN">缺少密码。</value>
    </property>
    <property key="loginservices.password_must_be_different_from_last_passwords">
        <value xml:lang="en">Password cannot be one of your last ${passwordChangeHistoryLimit} passwords.</value>
        <value xml:lang="zh_CN">密码不能是你用过的最近的${passwordChangeHistoryLimit}个密码之一。</value>
    </property>
    <property key="loginservices.password_must_be_least_characters_long">
        <value xml:lang="en">Password must be at least ${minPasswordLength} characters long.</value>
        <value xml:lang="zh_CN">密码必须至少有${minPasswordLength} 个字符。</value>
    </property>
    <property key="loginservices.password_or_verify_missing">
        <value xml:lang="en">Password or verify password missing.</value>
        <value xml:lang="zh_CN">缺少密码或验证密码。</value>
    </property>
    <property key="loginservices.password_reminder_subject">
        <value xml:lang="en">Password Reminder (${userLoginId})".</value>
    </property>
    <property key="loginservices.since_datetime">
        <value xml:lang="en">since ${disabledDateTime}.</value>
        <value xml:lang="zh_CN">自${disabledDateTime}以来。</value>
    </property>
    <property key="loginservices.user_not_found">
        <value xml:lang="en">User not found.</value>
        <value xml:lang="zh_CN">没有找到用户。</value>
    </property>
    <property key="loginservices.username_missing">
        <value xml:lang="en">Username missing.</value>
        <value xml:lang="zh_CN">缺少用户名。</value>
    </property>
    <property key="loginservices.will_be_reenabled">
        <value xml:lang="en">It will be re-enabled ${reEnableTime}.</value>
        <value xml:lang="zh_CN">将重新启用 ${reEnableTime}。</value>
    </property>
</resource>
