<?xml version="1.0" encoding="UTF-8"?>
<!--
   Project:Easy Web Framework
   Description:
   EasyFK stands for Easy Web Framework.It's an open source product for E-Business / E-Commerce.It
   was launched by a chinese Hezhiping(QQ:110476592) in 2015.The goal of EasyFK is to  provide a
   foundation and starting point for reliable, secure , simple-to-use ,cost-effective ,scalable
   and suitable-for-Chinese E-Business / E-Commerce solutions. With EasyFK, you can get started
   right away without the huge deployment and maintenance costs of E-Business / E-Commerce systems.
   Of course, you can customize it or use it as a framework to implement your most challenging business needs.
   EasyFk is licensed under the Apache License Version 2.0.  You may obtain a copy of the License at
   http://www.apache.org/licenses/LICENSE-2.0
   Author:hezhiping   Email:110476592@qq.com
-->
<resource xmlns:xsi="http://www.w3.org/2001/XMLSchema-instance">
    <property key="SecurityGroup.description.ASSETMAINTADMIN">
        <value xml:lang="en">Asset Maintenance Admin group, has all maintenance permissions.</value>
        <value xml:lang="zh_CN">资产维护管理组，具有全部维护权限。</value>
    </property>
    <property key="SecurityGroup.description.ASSETMAINTTECH">
        <value xml:lang="en">Asset Maintenance Technician group, has view and update.</value>
        <value xml:lang="zh_CN">资产维护技术人员组，具有浏览和更新权限。</value>
    </property>
    <property key="SecurityGroup.description.BIZADMIN">
        <value xml:lang="en">Full Business Applications permission group, has all business app admin permissions, not technical permissions.</value>
        <value xml:lang="zh_CN">全部商业应用程序权限组，具有全部商业应用程序管理权限，不是技术人员权限。</value>
    </property>
    <property key="SecurityGroup.description.CATALOGADMIN">
        <value xml:lang="en">Catalog Admin group, has all catalog permissions.</value>
        <value xml:lang="zh_CN">目录管理组，具有全部目录权限。</value>
    </property>
    <property key="SecurityGroup.description.CATALOGADMIN_LTD">
        <value xml:lang="en">Limited Catalog Admin group, has limited catalog permissions.</value>
        <value xml:lang="zh_CN">有限的目录管理组，具有有限的目录权限。</value>
    </property>
    <property key="SecurityGroup.description.COMPDOCADMIN">
        <value xml:lang="en">CompDoc admin group, all permissions.</value>
        <value xml:lang="zh_CN">合成文档管理组，全部权限。</value>
    </property>
    <property key="SecurityGroup.description.CONTENT_USER">
        <value xml:lang="en">Content user group; all limited content permissions.</value>
        <value xml:lang="zh_CN">内容用户组；全部有限的内容权限。</value>
    </property>
    <property key="SecurityGroup.description.FLEXADMIN">
        <value xml:lang="en">Flexible Admin group, has all granular permissions.</value>
        <value xml:lang="zh_CN">缓存管理组，具有全部颗粒的权限。</value>
    </property>
    <property key="SecurityGroup.description.FULLADMIN">
        <value xml:lang="en">Full Admin group, has all general permissions.</value>
        <value xml:lang="zh_CN">完全管理组，具有全部通用权限。</value>
    </property>
    <property key="SecurityGroup.description.MYPORTAL_CUSTOMER">
        <value xml:lang="en">Customer user of MYPORTAL, Limited access to own custRequests, and project</value>
        <value xml:lang="zh_CN">我的门户客户用户，受限访问自己的客户请求，以及项目</value>
    </property>
    <property key="SecurityGroup.description.MYPORTAL_EMPL-NOEML">
        <value xml:lang="en">Employee user of MYPORTAL, Limited access to the projectmgr and comms, custReq, no email</value>
        <value xml:lang="zh_CN">我的门户雇员用户，受限访问项目管理以及沟通、客户请求，不包括电子邮件</value>
    </property>
    <property key="SecurityGroup.description.MYPORTAL_EMPLOYEE">
        <value xml:lang="en">Employee user of myportal, Limited access to the projectmgr, comms,custRequests</value>
        <value xml:lang="zh_CN">我的门户雇员用户，受限访问项目管理、沟通、客户请求</value>
    </property>
    <property key="SecurityGroup.description.ORDERADMIN">
        <value xml:lang="en">Order Admin group, has all order permissions.</value>
        <value xml:lang="zh_CN">订单管理组，具有全部订单权限。</value>
    </property>
    <property key="SecurityGroup.description.ORDERADMIN_LTD">
        <value xml:lang="en">Limited Order Admin group, has all limited order permissions.</value>
        <value xml:lang="zh_CN">受限的订单管理组，具有全部受限的订单权限。</value>
    </property>
    <property key="SecurityGroup.description.ORDERENTRY">
        <value xml:lang="en">Order Entry Admin group; permissions for creating orders.</value>
        <value xml:lang="zh_CN">订单记录管理组；创建订单权限。</value>
    </property>
    <property key="SecurityGroup.description.ORDERENTRY_ALL">
        <value xml:lang="en">Order entry permission for all stores. No special role is needed.</value>
        <value xml:lang="zh_CN">全部店铺的订单记录管理组。不需要特别的角色。</value>
    </property>
    <property key="SecurityGroup.description.ORDERPROC">
        <value xml:lang="en">Admin group for restricted order processing.</value>
        <value xml:lang="zh_CN">管理组用于受限制的订单流程。</value>
    </property>
    <property key="SecurityGroup.description.ORDERPURCH">
        <value xml:lang="en">Order entry with purchasing permissions.</value>
        <value xml:lang="zh_CN">具有采购权限的订单记录。</value>
    </property>
    <property key="SecurityGroup.description.ORDERSUPPLIER_LTD">
        <value xml:lang="en">Limited Order Admin group for Supplier Agents.</value>
        <value xml:lang="zh_CN">有限的订单管理组用于供货商。</value>
    </property>
    <property key="SecurityGroup.description.PARTYADMIN">
        <value xml:lang="en">Party Admin group, has all party permissions.</value>
        <value xml:lang="zh_CN">会员管理组，具有全部会员权限。</value>
    </property>
    <property key="SecurityGroup.description.POSCLERK">
        <value xml:lang="en">POS Clerk</value>
        <value xml:lang="zh_CN">柜员机操作员</value>
    </property>
    <property key="SecurityGroup.description.PROJECTADMIN">
        <value xml:lang="en">Project Admin group, has update access to own projects.</value>
        <value xml:lang="zh_CN">项目管理组，具有对自己项目的更新权限。</value>
    </property>
    <property key="SecurityGroup.description.PROJECTUSER">
        <value xml:lang="en">Project User group, has read, task create/assign and timesheet create/update access to own projects.</value>
        <value xml:lang="zh_CN">项目用户组，具有对自己项目的读、任务创建/指派以及工单创建/更新权限。</value>
    </property>
    <property key="SecurityGroup.description.SECURITYADMIN">
        <value xml:lang="en">Security Admin group, has all permissions to modify security settings in party manager.</value>
        <value xml:lang="zh_CN">安全管理组，具有在会员管理中修改安全设置的全部权限</value>
    </property>
    <property key="SecurityGroup.description.FULLADMINREADONLY">
        <value xml:lang="en">Demo Admin group, has all view permissions.</value>
        <value xml:lang="zh_CN">演示管理组，具有全部浏览权限。</value>
    </property>
    <property key="SecurityGroup.description.WORKEFFORT_USER">
        <value xml:lang="en">WorkEffort user group; all limited workeffort permissions.</value>
        <value xml:lang="zh_CN">人工服务用户组；全部受限的人工服务权限。</value>
    </property>
    <property key="SecurityPermission description.ENTITY_SYNC_ADMIN">
        <value xml:lang="en">Use the Entity Sync Admin pages.</value>
        <value xml:lang="zh_CN">使用实体同步管理页面。</value>
    </property>
    <property key="SecurityPermission description.EXAMPLE_ADMIN">
        <value xml:lang="en">ALL operations in the Example Management Screens.</value>
        <value xml:lang="zh_CN">在样例管理屏中的全部操作。</value>
    </property>
    <property key="SecurityPermission description.EXAMPLE_CREATE">
        <value xml:lang="en">Create operations in the Example Management Screens.</value>
        <value xml:lang="zh_CN">在样例管理屏中创建操作。</value>
    </property>
    <property key="SecurityPermission description.EXAMPLE_DELETE">
        <value xml:lang="en">Delete operations in the Example Management Screens.</value>
        <value xml:lang="zh_CN">在样例管理屏中删除操作。</value>
    </property>
    <property key="SecurityPermission description.EXAMPLE_UPDATE">
        <value xml:lang="en">Update operations in the Example Management Screens.</value>
        <value xml:lang="zh_CN">在样例管理屏中更新操作。</value>
    </property>
    <property key="SecurityPermission description.EXAMPLE_VIEW">
        <value xml:lang="en">View operations in the Example Management Screens.</value>
        <value xml:lang="zh_CN">在样例管理屏中浏览操作。</value>
    </property>
    <property key="SecurityPermission.description.ACCOUNTING_ADMIN">
        <value xml:lang="en">ALL operations in the Accounting Manager.</value>
        <value xml:lang="zh_CN">在财务管理中的全部操作。</value>
    </property>
    <property key="SecurityPermission.description.ACCOUNTING_COMM_VIEW">
        <value xml:lang="en">View commission rates.</value>
        <value xml:lang="zh_CN">浏览佣金比例。</value>
    </property>
    <property key="SecurityPermission.description.ACCOUNTING_CREATE">
        <value xml:lang="en">Create operations in the Accounting Manager.</value>
        <value xml:lang="zh_CN">在财务管理中创建操作。</value>
    </property>
    <property key="SecurityPermission.description.ACCOUNTING_DELETE">
        <value xml:lang="en">Delete operations in the Accounting Manager.</value>
        <value xml:lang="zh_CN">在财务管理中删除操作。</value>
    </property>
    <property key="SecurityPermission.description.ACCOUNTING_PRINT_CHECKS">
        <value xml:lang="en">Print checks.</value>
        <value xml:lang="zh_CN">打印支票。</value>
    </property>
    <property key="SecurityPermission.description.ACCOUNTING_UPDATE">
        <value xml:lang="en">Update operations in the Accounting Manager.</value>
        <value xml:lang="zh_CN">在财务管理中更新操作。</value>
    </property>
    <property key="SecurityPermission.description.ACCOUNTING_VIEW">
        <value xml:lang="en">View operations in the Accounting Manager.</value>
        <value xml:lang="zh_CN">财务管理中浏览操作。</value>
    </property>
    <property key="SecurityPermission.description.ACCTG_ATX_ADMIN">
        <value xml:lang="en">ALL operations involving general ledger accounting transactions and entries.</value>
        <value xml:lang="zh_CN">涉及总账账户交易和记录的全部操作。</value>
    </property>
    <property key="SecurityPermission.description.ACCTG_ATX_CREATE">
        <value xml:lang="en">Create general ledger accounting transaction and entries.</value>
        <value xml:lang="zh_CN">创建总账账户交易和记录。</value>
    </property>
    <property key="SecurityPermission.description.ACCTG_ATX_DELETE">
        <value xml:lang="en">Delete general ledger accounting transaction and entries.</value>
        <value xml:lang="zh_CN">删除总账账户交易和记录。</value>
    </property>
    <property key="SecurityPermission.description.ACCTG_ATX_POST">
        <value xml:lang="en">Post general ledger accounting transactions.</value>
        <value xml:lang="zh_CN">过账总账账户交易和记录。</value>
    </property>
    <property key="SecurityPermission.description.ACCTG_ATX_UPDATE">
        <value xml:lang="en">Update general ledger accounting transaction and entries.</value>
        <value xml:lang="zh_CN">更新总账账户交易和记录。</value>
    </property>
    <property key="SecurityPermission.description.ACCTG_ATX_VIEW">
        <value xml:lang="en">View general ledger accounting transaction and entries.</value>
        <value xml:lang="zh_CN">浏览总账账户交易和记录。</value>
    </property>
    <property key="SecurityPermission.description.ACCTG_FX_UPDATE">
        <value xml:lang="en">Set foreign exchange rates.</value>
        <value xml:lang="zh_CN">设置外汇汇率。</value>
    </property>
    <property key="SecurityPermission.description.ACCTG_PREF_ADMIN">
        <value xml:lang="en">ALL organization accounting preferences operations</value>
        <value xml:lang="zh_CN">所有机构账户设置操作</value>
    </property>
    <property key="SecurityPermission.description.ACCTG_PREF_CREATE">
        <value xml:lang="en">Set organization accounting preferences.</value>
        <value xml:lang="zh_CN">设置机构账户设置</value>
    </property>
    <property key="SecurityPermission.description.ACCTG_PREF_DELETE">
        <value xml:lang="en">Delete organization accounting preferences</value>
        <value xml:lang="zh_CN">删除机构账户设置</value>
    </property>
    <property key="SecurityPermission.description.ACCTG_PREF_UPDATE">
        <value xml:lang="en">Update organization accounting preferences</value>
        <value xml:lang="zh_CN">更新机构账户设置</value>
    </property>
    <property key="SecurityPermission.description.ACCTG_PREF_VIEW">
        <value xml:lang="en">View organization accounting preferences</value>
        <value xml:lang="zh_CN">浏览机构账户设置</value>
    </property>
    <property key="SecurityPermission.description.ARTIFACT_INFO_VIEW">
        <value xml:lang="en">View the Artifact Info pages.</value>
        <value xml:lang="zh_CN">浏览人工制品信息页面。</value>
    </property>
    <property key="SecurityPermission.description.ASSETMAINT_ADMIN">
        <value xml:lang="en">ALL Asset Maintenance operations.</value>
        <value xml:lang="zh_CN">全部资产维护操作。</value>
    </property>
    <property key="SecurityPermission.description.ASSETMAINT_CREATE">
        <value xml:lang="en">Asset Maintenance Create operations.</value>
        <value xml:lang="zh_CN">资产维护创建操作。</value>
    </property>
    <property key="SecurityPermission.description.ASSETMAINT_DELETE">
        <value xml:lang="en">Asset Maintenance Delete operations.</value>
        <value xml:lang="zh_CN">资产维护删除操作。</value>
    </property>
    <property key="SecurityPermission.description.ASSETMAINT_UPDATE">
        <value xml:lang="en">Asset Maintenance Update operations.</value>
        <value xml:lang="zh_CN">资产维护更新操作。</value>
    </property>
    <property key="SecurityPermission.description.ASSETMAINT_VIEW">
        <value xml:lang="en">Asset Maintenance View permission.</value>
        <value xml:lang="zh_CN">资产维护浏览权限。</value>
    </property>
    <property key="SecurityPermission.description.CATALOG_ADMIN">
        <value xml:lang="en">ALL operations in the Catalog Manager.</value>
        <value xml:lang="zh_CN">目录管理中的全部操作。</value>
    </property>
    <property key="SecurityPermission.description.CATALOG_CREATE">
        <value xml:lang="en">Create operations in the Catalog Manager.</value>
        <value xml:lang="zh_CN">目录管理中的创建操作。</value>
    </property>
    <property key="SecurityPermission.description.CATALOG_DELETE">
        <value xml:lang="en">Delete operations in the Catalog Manager.</value>
        <value xml:lang="zh_CN">目录管理中的删除操作。</value>
    </property>
    <property key="SecurityPermission.description.CATALOG_PRICE_MAINT">
        <value xml:lang="en">Permission required, in addition to other applicable permissions, to maintain product prices, promotions, and price rules.</value>
        <value xml:lang="zh_CN">需要权限，除了其它可用的权限，还要能维护宝贝价格、促销和价格规则。</value>
    </property>
    <property key="SecurityPermission.description.CATALOG_PURCHASE_ALLOW">
        <value xml:lang="en">Allow create/update of 'Purchase Allow' in the Catalog Manager.</value>
        <value xml:lang="zh_CN">目录管理中“允许采购”的允许创建/更新。</value>
    </property>
    <property key="SecurityPermission.description.CATALOG_ROLE_CREATE">
        <value xml:lang="en">Limited Create operations in the Catalog Manager.</value>
        <value xml:lang="zh_CN">目录管理中有限的创建操作。</value>
    </property>
    <property key="SecurityPermission.description.CATALOG_ROLE_DELETE">
        <value xml:lang="en">Limited Delete operations in the Catalog Manager.</value>
        <value xml:lang="zh_CN">目录管理中有限的删除操作。</value>
    </property>
    <property key="SecurityPermission.description.CATALOG_ROLE_UPDATE">
        <value xml:lang="en">Limited Update operations in the Catalog Manager.</value>
        <value xml:lang="zh_CN">目录管理中有限的更新操作。</value>
    </property>
    <property key="SecurityPermission.description.CATALOG_UPDATE">
        <value xml:lang="en">Update operations in the Catalog Manager.</value>
        <value xml:lang="zh_CN">目录管理中的更新操作。</value>
    </property>
    <property key="SecurityPermission.description.CATALOG_VIEW">
        <value xml:lang="en">View operations in the Catalog Manager.</value>
        <value xml:lang="zh_CN">目录管理中的浏览操作。</value>
    </property>
    <property key="SecurityPermission.description.CATALOG_VIEW_ALLOW">
        <value xml:lang="en">Allow create/update of 'View Allow' in the Catalog Manager.</value>
        <value xml:lang="zh_CN">目录管理中“允许浏览”的允许创建/更新。</value>
    </property>
    <property key="SecurityPermission.description.COMMON_CREATE">
        <value xml:lang="en">Create operations in the Common Component.</value>
        <value xml:lang="zh_CN">通用组件中的创建操作。</value>
    </property>
    <property key="SecurityPermission.description.COMMON_DELETE">
        <value xml:lang="en">Delete operations in the Common Component.</value>
        <value xml:lang="zh_CN">通用组件中的删除操作。</value>
    </property>
    <property key="SecurityPermission.description.COMMON_UPDATE">
        <value xml:lang="en">Update operations in the Common Component.</value>
        <value xml:lang="zh_CN">通用组件中的更新操作。</value>
    </property>
    <property key="SecurityPermission.description.COMMON_VIEW">
        <value xml:lang="en">View operations in the Common Component.</value>
        <value xml:lang="zh_CN">通用组件中的浏览操作。</value>
    </property>
    <property key="SecurityPermission.description.CONTENTMGR_ADMIN">
        <value xml:lang="en">ALL operations in the Content Manager.</value>
        <value xml:lang="zh_CN">内容管理中的全部操作。</value>
    </property>
    <property key="SecurityPermission.description.CONTENTMGR_CREATE">
        <value xml:lang="en">Create operations in the Content Manager.</value>
        <value xml:lang="zh_CN">内容管理中的创建操作。</value>
    </property>
    <property key="SecurityPermission.description.CONTENTMGR_DELETE">
        <value xml:lang="en">Delete operations in the Content Manager.</value>
        <value xml:lang="zh_CN">内容管理中的删除操作。</value>
    </property>
    <property key="SecurityPermission.description.CONTENTMGR_ROLE_CREATE">
        <value xml:lang="en">Limited Create operations in the Content Manager.</value>
        <value xml:lang="zh_CN">内容管理中有限的创建操作。</value>
    </property>
    <property key="SecurityPermission.description.CONTENTMGR_ROLE_DELETE">
        <value xml:lang="en">Limited Delete operations in the Content Manager.</value>
        <value xml:lang="zh_CN">内容管理中有限的删除操作。</value>
    </property>
    <property key="SecurityPermission.description.CONTENTMGR_ROLE_UPDATE">
        <value xml:lang="en">Limited Update operations in the Content Manager.</value>
        <value xml:lang="zh_CN">内容管理中有限的更新操作。</value>
    </property>
    <property key="SecurityPermission.description.CONTENTMGR_ROLE_VIEW">
        <value xml:lang="en">Limited View operations in the Content Manager.</value>
        <value xml:lang="zh_CN">内容管理中有限的浏览操作。</value>
    </property>
    <property key="SecurityPermission.description.CONTENTMGR_UPDATE">
        <value xml:lang="en">Update operations in the Content Manager.</value>
        <value xml:lang="zh_CN">内容管理中的更新操作。</value>
    </property>
    <property key="SecurityPermission.description.CONTENTMGR_VIEW">
        <value xml:lang="en">View operations in the Content Manager.</value>
        <value xml:lang="zh_CN">内容管理中的浏览操作。</value>
    </property>
    <property key="SecurityPermission.description.DATAFILE_MAINT">
        <value xml:lang="en">Use the Data File Maintenance pages.</value>
        <value xml:lang="zh_CN">使用数据文件维护页面。</value>
    </property>
    <property key="SecurityPermission.description.EBAY_VIEW">
        <value xml:lang="en">View operations in the eBay application.</value>
        <value xml:lang="zh_CN">EBay应用程序中的浏览操作。</value>
    </property>
    <property key="SecurityPermission.description.ENTITY_DATA_ADMIN">
        <value xml:lang="en">ALL with the Entity Data Maintenance pages.</value>
        <value xml:lang="zh_CN">全部具有实体数据维护的页面。</value>
    </property>
    <property key="SecurityPermission.description.ENTITY_DATA_CREATE">
        <value xml:lang="en">Create with the Entity Data Maintenance pages.</value>
        <value xml:lang="zh_CN">具有实体数据维护页面的创建。</value>
    </property>
    <property key="SecurityPermission.description.ENTITY_DATA_DELETE">
        <value xml:lang="en">Delete with the Entity Data Maintenance pages.</value>
        <value xml:lang="zh_CN">具有实体数据维护页面的删除。</value>
    </property>
    <property key="SecurityPermission.description.ENTITY_DATA_UPDATE">
        <value xml:lang="en">Update with the Entity Data Maintenance pages.</value>
        <value xml:lang="zh_CN">具有实体数据维护页面的更新。</value>
    </property>
    <property key="SecurityPermission.description.ENTITY_DATA_VIEW">
        <value xml:lang="en">View with the Entity Data Maintenance pages.</value>
        <value xml:lang="zh_CN">具有实体数据维护页面的浏览。</value>
    </property>
    <property key="SecurityPermission.description.ENTITY_MAINT">
        <value xml:lang="en">Use the Entity Maintenance pages.</value>
        <value xml:lang="zh_CN">使用实体数据维护页面。</value>
    </property>
    <property key="SecurityPermission.description.ENTITY_SYNC_ADMIN">
        <value xml:lang="en">Use the Entity Sync Admin pages.</value>
        <value xml:lang="zh_CN">使用实体同步管理页面。</value>
    </property>
    <property key="SecurityPermission.description.ENUM_STATUS_MAINT">
        <value xml:lang="en">Use the Enum and Status Maintenance pages.</value>
        <value xml:lang="zh_CN">使用枚举和状态维护页面。</value>
    </property>
    <property key="SecurityPermission.description.EXAMPLE_ADMIN">
        <value xml:lang="en">ALL operations in the Example Management Screens.</value>
        <value xml:lang="zh_CN">样例管理屏中的全部操作。</value>
    </property>
    <property key="SecurityPermission.description.EXAMPLE_CREATE">
        <value xml:lang="en">Create operations in the Example Management Screens.</value>
        <value xml:lang="zh_CN">样例管理屏中的创建操作。</value>
    </property>
    <property key="SecurityPermission.description.EXAMPLE_DELETE">
        <value xml:lang="en">Delete operations in the Example Management Screens.</value>
        <value xml:lang="zh_CN">样例管理屏中的删除操作。</value>
    </property>
    <property key="SecurityPermission.description.EXAMPLE_UPDATE">
        <value xml:lang="en">Update operations in the Example Management Screens.</value>
        <value xml:lang="zh_CN">样例管理屏中的更新操作。</value>
    </property>
    <property key="SecurityPermission.description.EXAMPLE_VIEW">
        <value xml:lang="en">View operations in the Example Management Screens.</value>
        <value xml:lang="zh_CN">样例管理屏中的浏览操作。</value>
    </property>
    <property key="SecurityPermission.description.FACILITY_ADMIN">
        <value xml:lang="en">ALL operations in the Facility Manager.</value>
        <value xml:lang="zh_CN">场所管理中的全部操作。</value>
    </property>
    <property key="SecurityPermission.description.FACILITY_CREATE">
        <value xml:lang="en">Create operations in the Facility Manager.</value>
        <value xml:lang="zh_CN">场所管理中的创建操作。</value>
    </property>
    <property key="SecurityPermission.description.FACILITY_DELETE">
        <value xml:lang="en">Delete operations in the Facility Manager.</value>
        <value xml:lang="zh_CN">场所管理中的删除操作。</value>
    </property>
    <property key="SecurityPermission.description.FACILITY_ROLE_UPDATE">
        <value xml:lang="en">Limited update operations in the Facility Manager.</value>
        <value xml:lang="zh_CN">场所管理中有限的更新操作。</value>
    </property>
    <property key="SecurityPermission.description.FACILITY_ROLE_VIEW">
        <value xml:lang="en">Limited view operations in the Facility Manager.</value>
        <value xml:lang="zh_CN">场所管理中有限的浏览操作。</value>
    </property>
    <property key="SecurityPermission.description.FACILITY_UPDATE">
        <value xml:lang="en">Update operations in the Facility Manager.</value>
        <value xml:lang="zh_CN">场所管理中的更新操作。</value>
    </property>
    <property key="SecurityPermission.description.FACILITY_VIEW">
        <value xml:lang="en">View operations in the Facility Manager.</value>
        <value xml:lang="zh_CN">场所管理中的浏览操作。</value>
    </property>
    <property key="SecurityPermission.description.GOOGLEBASE_VIEW">
        <value xml:lang="en">View operations in the Google Base application.</value>
        <value xml:lang="zh_CN">Google Base应用程序中的浏览操作。</value>
    </property>
    <property key="SecurityPermission.description.HUMANRES_CREATE">
        <value xml:lang="en">Create operations in the HumanRes Manager.</value>
        <value xml:lang="zh_CN">人力资源管理中的创建操作。</value>
    </property>
    <property key="SecurityPermission.description.HUMANRES_DELETE">
        <value xml:lang="en">Delete operations in the HumanRes Manager.</value>
        <value xml:lang="zh_CN">人力资源管理中的删除操作。</value>
    </property>
    <property key="SecurityPermission.description.HUMANRES_UPDATE">
        <value xml:lang="en">Update operations in the HumanRes Manager.</value>
        <value xml:lang="zh_CN">人力资源管理中的更新操作。</value>
    </property>
    <property key="SecurityPermission.description.HUMANRES_VIEW">
        <value xml:lang="en">View operations in the HumanRes Manager.</value>
        <value xml:lang="zh_CN">人力资源管理中的浏览操作。</value>
    </property>
    <property key="SecurityPermission.description.LABEL_MANAGER_VIEW">
        <value xml:lang="en">View the Labels Info pages.</value>
        <value xml:lang="zh_CN">浏览标签信息页面。</value>
    </property>
    <property key="SecurityPermission.description.MANUAL_PAYMENT">
        <value xml:lang="en">Manual Payment Transaction.</value>
        <value xml:lang="zh_CN">手工支付交易。</value>
    </property>
    <property key="SecurityPermission.description.MANUFACTURING_ADMIN">
        <value xml:lang="en">ALL operations in the Manufacturing Manager.</value>
        <value xml:lang="zh_CN">制造管理中的全部操作。</value>
    </property>
    <property key="SecurityPermission.description.MANUFACTURING_CREATE">
        <value xml:lang="en">Create operations in the Manufacturing Manager.</value>
        <value xml:lang="zh_CN">制造管理中的创建操作。</value>
    </property>
    <property key="SecurityPermission.description.MANUFACTURING_DELETE">
        <value xml:lang="en">Delete operations in the Manufacturing Manager.</value>
        <value xml:lang="zh_CN">制造管理中的删除操作。</value>
    </property>
    <property key="SecurityPermission.description.MANUFACTURING_UPDATE">
        <value xml:lang="en">Update operations in the Manufacturing Manager.</value>
        <value xml:lang="zh_CN">制造管理中的更新操作。</value>
    </property>
    <property key="SecurityPermission.description.MANUFACTURING_VIEW">
        <value xml:lang="en">View operations in the Manufacturing Manager.</value>
        <value xml:lang="zh_CN">制造管理中的浏览操作。</value>
    </property>
    <property key="SecurityPermission.description.MARKETING_ADMIN">
        <value xml:lang="en">ALL operations in the Marketing Manager.</value>
        <value xml:lang="zh_CN">市场管理中的全部操作。</value>
    </property>
    <property key="SecurityPermission.description.MARKETING_CREATE">
        <value xml:lang="en">Create operations in the Marketing Manager.</value>
        <value xml:lang="zh_CN">市场管理中的创建操作。</value>
    </property>
    <property key="SecurityPermission.description.MARKETING_DELETE">
        <value xml:lang="en">Delete operations in the Marketing Manager.</value>
        <value xml:lang="zh_CN">市场管理中的删除操作。</value>
    </property>
    <property key="SecurityPermission.description.MARKETING_ROLE_UPDATE">
        <value xml:lang="en">Limited update operations in the Marketing Manager.</value>
        <value xml:lang="zh_CN">市场管理中有限的更新操作。</value>
    </property>
    <property key="SecurityPermission.description.MARKETING_ROLE_VIEW">
        <value xml:lang="en">Limited view operations in the Marketing Manager.</value>
        <value xml:lang="zh_CN">市场管理中有限的浏览操作。</value>
    </property>
    <property key="SecurityPermission.description.MARKETING_UPDATE">
        <value xml:lang="en">Update operations in the Marketing Manager.</value>
        <value xml:lang="zh_CN">市场管理中的更新操作。</value>
    </property>
    <property key="SecurityPermission.description.MARKETING_VIEW">
        <value xml:lang="en">View operations in the Marketing Manager.</value>
        <value xml:lang="zh_CN">市场管理中的浏览操作。</value>
    </property>
    <property key="SecurityPermission.description.MYPORTAL_CUSTOMER">
        <value xml:lang="en">Use the customer screens in myportal.</value>
        <value xml:lang="zh_CN">我的门户中使用客户屏幕。</value>
    </property>
    <property key="SecurityPermission.description.MYPORTAL_EMPL-NOEML">
        <value xml:lang="en">Usage of the employee screens in myportal: projectmanager and internal notes.</value>
        <value xml:lang="zh_CN">我的门户中使用雇员屏幕：项目管理和内部便笺。</value>
    </property>
    <property key="SecurityPermission.description.MYPORTAL_EMPLOYEE">
        <value xml:lang="en">Use the employee screens in myportal.</value>
        <value xml:lang="zh_CN">我的门户中使用雇员屏幕。</value>
    </property>
    <property key="SecurityPermission.description.OAGIS_VIEW">
        <value xml:lang="en">View operations in the Oagis application.</value>
        <value xml:lang="zh_CN">Oagis应用程序中的浏览操作。</value>
    </property>
    <property key="SecurityPermission.description.OFBTOOLS_VIEW">
        <value xml:lang="en">Permission to access the Stock Gorun8 Manager Applications.</value>
        <value xml:lang="zh_CN">访问库存Gorun8管理程序的权限。</value>
    </property>
    <property key="SecurityPermission.description.ORDERMGR_4C_CREATE">
        <value xml:lang="en">Create sales forecasts in the Order Manager.</value>
        <value xml:lang="zh_CN">订单管理中创建销售预测。</value>
    </property>
    <property key="SecurityPermission.description.ORDERMGR_4C_UPDATE">
        <value xml:lang="en">Update sales forecasts in the Order Manager.</value>
        <value xml:lang="zh_CN">订单管理中更新销售预测。</value>
    </property>
    <property key="SecurityPermission.description.ORDERMGR_ADMIN">
        <value xml:lang="en">ALL operations in the Order Manager.</value>
        <value xml:lang="zh_CN">订单管理中的全部操作。</value>
    </property>
    <property key="SecurityPermission.description.ORDERMGR_CREATE">
        <value xml:lang="en">Create operations in the Order Manager.</value>
        <value xml:lang="zh_CN">订单管理中的创建操作。</value>
    </property>
    <property key="SecurityPermission.description.ORDERMGR_CRQ_CREATE">
        <value xml:lang="en">Create Customer Requests in the Order Manager.</value>
        <value xml:lang="zh_CN">订单管理中的创建客户请求。</value>
    </property>
    <property key="SecurityPermission.description.ORDERMGR_DELETE">
        <value xml:lang="en">Delete operations in the Order Manager.</value>
        <value xml:lang="zh_CN">订单管理中的删除操作。</value>
    </property>
    <property key="SecurityPermission.description.ORDERMGR_NOTE">
        <value xml:lang="en">Create notes in the Order Manager.</value>
        <value xml:lang="zh_CN">订单管理中的创建便笺。</value>
    </property>
    <property key="SecurityPermission.description.ORDERMGR_PURCHASE_CREATE">
        <value xml:lang="en">Create purchase orders in the Order Manager.</value>
        <value xml:lang="zh_CN">订单管理中的创建采购订单。</value>
    </property>
    <property key="SecurityPermission.description.ORDERMGR_PURCHASE_ENTRY">
        <value xml:lang="en">Purchase Order Entry in the Order Manager.</value>
        <value xml:lang="zh_CN">订单管理中的采购订单记录。</value>
    </property>
    <property key="SecurityPermission.description.ORDERMGR_PURCHASE_VIEW">
        <value xml:lang="en">View purchase orders in the Order Manager.</value>
        <value xml:lang="zh_CN">订单管理中浏览采购订单。</value>
    </property>
    <property key="SecurityPermission.description.ORDERMGR_QUOTE_PRICE">
        <value xml:lang="en">Quote price manager in the Order Manager.</value>
        <value xml:lang="zh_CN">订单管理中的询价管理。</value>
    </property>
    <property key="SecurityPermission.description.ORDERMGR_RETURN">
        <value xml:lang="en">Process returns in the Order Manager.</value>
        <value xml:lang="zh_CN">订单管理中的处理退货。</value>
    </property>
    <property key="SecurityPermission.description.ORDERMGR_ROLE_CREATE">
        <value xml:lang="en">Limited Create operations in the Order Manager.</value>
        <value xml:lang="zh_CN">订单管理中有限的创建操作。</value>
    </property>
    <property key="SecurityPermission.description.ORDERMGR_ROLE_DELETE">
        <value xml:lang="en">Limited Delete operations in the Order Manager.</value>
        <value xml:lang="zh_CN">订单管理中有限的删除操作。</value>
    </property>
    <property key="SecurityPermission.description.ORDERMGR_ROLE_UPDATE">
        <value xml:lang="en">Limited Update operations in the Order Manager.</value>
        <value xml:lang="zh_CN">订单管理中有限的更新操作。</value>
    </property>
    <property key="SecurityPermission.description.ORDERMGR_ROLE_VIEW">
        <value xml:lang="en">Limited view operations in the Order Manager.</value>
        <value xml:lang="zh_CN">订单管理中有限的浏览操作。</value>
    </property>
    <property key="SecurityPermission.description.ORDERMGR_SALES_CREATE">
        <value xml:lang="en">Create sales orders for all stores in the Order Manager.</value>
        <value xml:lang="zh_CN">订单管理中为全部店铺创建销售订单。</value>
    </property>
    <property key="SecurityPermission.description.ORDERMGR_SALES_ENTRY">
        <value xml:lang="en">Sales Order Entry in the Order Manager.</value>
        <value xml:lang="zh_CN">订单管理中的销售订单记录。</value>
    </property>
    <property key="SecurityPermission.description.ORDERMGR_SALES_PRICEMOD">
        <value xml:lang="en">Price change permission for sales orders.</value>
        <value xml:lang="zh_CN">销售订单的价格变更权限。</value>
    </property>
    <property key="SecurityPermission.description.ORDERMGR_SALES_UPDATE">
        <value xml:lang="en">Update sales orders for all stores in the Order Manager.</value>
        <value xml:lang="zh_CN">订单管理中为全部店铺更新销售订单。</value>
    </property>
    <property key="SecurityPermission.description.ORDERMGR_SEND_CONFIRMATION">
        <value xml:lang="en">Send order confirmation notification.</value>
        <value xml:lang="zh_CN">发送订单确认通知。</value>
    </property>
    <property key="SecurityPermission.description.ORDERMGR_UPDATE">
        <value xml:lang="en">Update operations in the Order Manager.</value>
        <value xml:lang="zh_CN">订单管理中的更新操作。</value>
    </property>
    <property key="SecurityPermission.description.ORDERMGR_VIEW">
        <value xml:lang="en">View operations in the Order Manager.</value>
        <value xml:lang="zh_CN">订单管理中的浏览操作。</value>
    </property>
    <property key="SecurityPermission.description.PARTYMGR_ADMIN">
        <value xml:lang="en">ALL operations in the Party Manager.</value>
        <value xml:lang="zh_CN">会员管理中的全部操作。</value>
    </property>
    <property key="SecurityPermission.description.PARTYMGR_CME-EMAIL_CREATE">
        <value xml:lang="en">Can create Email communication events for logged-in user.</value>
        <value xml:lang="zh_CN">能为已登录用户创建电子邮件沟通事件。</value>
    </property>
    <property key="SecurityPermission.description.PARTYMGR_CME-EMAIL_DELETE">
        <value xml:lang="en">Can delete Email communication events for logged-in user.</value>
        <value xml:lang="zh_CN">能为已登录用户删除电子邮件沟通事件。</value>
    </property>
    <property key="SecurityPermission.description.PARTYMGR_CME-EMAIL_UPDATE">
        <value xml:lang="en">Can update Email communication events for logged-in user.</value>
        <value xml:lang="zh_CN">能为已登录用户更新电子邮件沟通事件。</value>
    </property>
    <property key="SecurityPermission.description.PARTYMGR_CME-NOTE_CREATE">
        <value xml:lang="en">Can create Internal note communication event for logged-in user.</value>
        <value xml:lang="zh_CN">能为已登录用户创建内部便笺沟通事件。</value>
    </property>
    <property key="SecurityPermission.description.PARTYMGR_CME_CREATE">
        <value xml:lang="en">Create communication event.</value>
        <value xml:lang="zh_CN">创建沟通事件。</value>
    </property>
    <property key="SecurityPermission.description.PARTYMGR_CME_DELETE">
        <value xml:lang="en">Delete communication event.</value>
        <value xml:lang="zh_CN">删除沟通事件。</value>
    </property>
    <property key="SecurityPermission.description.PARTYMGR_CME_UPDATE">
        <value xml:lang="en">Update communication event.</value>
        <value xml:lang="zh_CN">更新沟通事件。</value>
    </property>
    <property key="SecurityPermission.description.PARTYMGR_CREATE">
        <value xml:lang="en">Create operations in the Party Manager.</value>
        <value xml:lang="zh_CN">会员管理中的创建操作。</value>
    </property>
    <property key="SecurityPermission.description.PARTYMGR_DELETE">
        <value xml:lang="en">Delete operations in the Party Manager.</value>
        <value xml:lang="zh_CN">会员管理中的删除操作。</value>
    </property>
    <property key="SecurityPermission.description.PARTYMGR_GRP_UPDATE">
        <value xml:lang="en">Update PartyGroup or Person detail information.</value>
        <value xml:lang="zh_CN">更新会员组或人员详细信息。</value>
    </property>
    <property key="SecurityPermission.description.PARTYMGR_NOTE">
        <value xml:lang="en">Create notes in the Party Manager.</value>
        <value xml:lang="zh_CN">会员管理中创建便笺。</value>
    </property>
    <property key="SecurityPermission.description.PARTYMGR_PCM_CREATE">
        <value xml:lang="en">Create party contact mechs in the Party Manager.</value>
        <value xml:lang="zh_CN">会员管理中创建会员联系方法。</value>
    </property>
    <property key="SecurityPermission.description.PARTYMGR_PCM_DELETE">
        <value xml:lang="en">Delete party contact mechs in the Party Manager.</value>
        <value xml:lang="zh_CN">会员管理中删除会员联系方法。</value>
    </property>
    <property key="SecurityPermission.description.PARTYMGR_PCM_UPDATE">
        <value xml:lang="en">Update party contact mechs in the Party Manager.</value>
        <value xml:lang="zh_CN">会员管理中更新会员联系方法。</value>
    </property>
    <property key="SecurityPermission.description.PARTYMGR_QAL_CREATE">
        <value xml:lang="en">Create party quals in the Party Manager.</value>
        <value xml:lang="zh_CN">会员管理中创建会员资格。</value>
    </property>
    <property key="SecurityPermission.description.PARTYMGR_QAL_DELETE">
        <value xml:lang="en">Delete party quals in the Party Manager.</value>
        <value xml:lang="zh_CN">会员管理中删除会员资格。</value>
    </property>
    <property key="SecurityPermission.description.PARTYMGR_QAL_UPDATE">
        <value xml:lang="en">Update party quals in the Party Manager.</value>
        <value xml:lang="zh_CN">会员管理中更新会员资格。</value>
    </property>
    <property key="SecurityPermission.description.PARTYMGR_REL_CREATE">
        <value xml:lang="en">Create party relationships in the Party Manager.</value>
        <value xml:lang="zh_CN">会员管理中创建会员关系。</value>
    </property>
    <property key="SecurityPermission.description.PARTYMGR_REL_DELETE">
        <value xml:lang="en">Delete party relationships in the Party Manager.</value>
        <value xml:lang="zh_CN">会员管理中删除会员关系。</value>
    </property>
    <property key="SecurityPermission.description.PARTYMGR_REL_UPDATE">
        <value xml:lang="en">Update party relationships in the Party Manager.</value>
        <value xml:lang="zh_CN">会员管理中更新会员关系。</value>
    </property>
    <property key="SecurityPermission.description.PARTYMGR_ROLE_CREATE">
        <value xml:lang="en">Create party roles in the Party Manager.</value>
        <value xml:lang="zh_CN">会员管理中创建会员角色。</value>
    </property>
    <property key="SecurityPermission.description.PARTYMGR_ROLE_DELETE">
        <value xml:lang="en">Delete party roles in the Party Manager.</value>
        <value xml:lang="zh_CN">会员管理中删除会员角色。</value>
    </property>
    <property key="SecurityPermission.description.PARTYMGR_SRC_CREATE">
        <value xml:lang="en">Create party to data source relations.</value>
        <value xml:lang="zh_CN">创建会员到数据源的关系。</value>
    </property>
    <property key="SecurityPermission.description.PARTYMGR_STS_UPDATE">
        <value xml:lang="en">Update party status in the Party Manager.</value>
        <value xml:lang="zh_CN">会员管理中更新会员状态。</value>
    </property>
    <property key="SecurityPermission.description.PARTYMGR_UPDATE">
        <value xml:lang="en">Update operations in the Party Manager.</value>
        <value xml:lang="zh_CN">会员管理中的更新操作。</value>
    </property>
    <property key="SecurityPermission.description.PARTYMGR_VIEW">
        <value xml:lang="en">View operations in the Party Manager.</value>
        <value xml:lang="zh_CN">会员管理中的浏览操作。</value>
    </property>
    <property key="SecurityPermission.description.PAYPROC_ADMIN">
        <value xml:lang="en">ALL operations in the Payment Processors Setup.</value>
        <value xml:lang="zh_CN">支付处理程序设置中的全部操作。</value>
    </property>
    <property key="SecurityPermission.description.PAYPROC_CREATE">
        <value xml:lang="en">Create operations in the Payment Processors Setup.</value>
        <value xml:lang="zh_CN">支付处理程序设置中的创建操作。</value>
    </property>
    <property key="SecurityPermission.description.PAYPROC_DELETE">
        <value xml:lang="en">Delete operations in the Payment Processors Setup.</value>
        <value xml:lang="zh_CN">支付处理程序设置中的删除操作。</value>
    </property>
    <property key="SecurityPermission.description.PAYPROC_VIEW">
        <value xml:lang="en">View operations in the Payment Processors Setup.</value>
        <value xml:lang="zh_CN">支付处理程序设置中的浏览操作。</value>
    </property>
    <property key="SecurityPermission.description.PAY_INFO_ADMIN">
        <value xml:lang="en">ALL Payment Information Operations.</value>
        <value xml:lang="zh_CN">全部支付信息操作。</value>
    </property>
    <property key="SecurityPermission.description.PAY_INFO_CREATE">
        <value xml:lang="en">Create Payment Information.</value>
        <value xml:lang="zh_CN">创建支付信息。</value>
    </property>
    <property key="SecurityPermission.description.PAY_INFO_DELETE">
        <value xml:lang="en">Delete Payment Information.</value>
        <value xml:lang="zh_CN">删除支付信息。</value>
    </property>
    <property key="SecurityPermission.description.PAY_INFO_UPDATE">
        <value xml:lang="en">Update Payment Information.</value>
        <value xml:lang="zh_CN">更新支付信息。</value>
    </property>
    <property key="SecurityPermission.description.PAY_INFO_VIEW">
        <value xml:lang="en">View Payment Information.</value>
        <value xml:lang="zh_CN">浏览支付信息。</value>
    </property>
    <property key="SecurityPermission.description.PERIOD_MAINT">
        <value xml:lang="en">Use the Period Maintenance pages.</value>
        <value xml:lang="zh_CN">使用阶段维护页面。</value>
    </property>
    <property key="SecurityPermission.description.PROJECTMGR_ADMIN">
        <value xml:lang="en">ALL operations in the Project Manager.</value>
        <value xml:lang="zh_CN">项目管理中的全部操作。</value>
    </property>
    <property key="SecurityPermission.description.PROJECTMGR_ROLE_ADMIN">
        <value xml:lang="en">All admin operations in the Project Manager for a project/phase/task the user is member of.</value>
        <value xml:lang="zh_CN">项目管理中的全部管理操作，用于用户作为成员的项目/阶段/任务。</value>
    </property>
    <property key="SecurityPermission.description.PROJECTMGR_ROLE_TASK_CREATE">
        <value xml:lang="en">Be able to create a task (should be member of project)</value>
        <value xml:lang="zh_CN">能够创建任务(应该是项目成员)</value>
    </property>
    <property key="SecurityPermission.description.PROJECTMGR_ROLE_TIMESHEET_CREATE">
        <value xml:lang="en">Be able to create a weekly timesheet for the loginid.</value>
        <value xml:lang="zh_CN">能够为登录用户创建每周的工时单。</value>
    </property>
    <property key="SecurityPermission.description.PROJECTMGR_ROLE_TIMESHEET_UPDATE">
        <value xml:lang="en">Be able to update(report) on an existing own timesheet</value>
        <value xml:lang="zh_CN">能够对一个已存在的自己的工时单进行更新(报告)</value>
    </property>
    <property key="SecurityPermission.description.PROJECTMGR_ROLE_UPDATE">
        <value xml:lang="en">Update operations in the Project Manager for a project/phase/task the user is member of.</value>
        <value xml:lang="zh_CN">项目管理中的更新操作，用于用户作为成员的项目/阶段/任务。</value>
    </property>
    <property key="SecurityPermission.description.PROJECTMGR_ROLE_VIEW">
        <value xml:lang="en">All view operations in the Project Manager for a project/phase/task the user is member of..</value>
        <value xml:lang="zh_CN">项目管理中的全部浏览操作，用于用户作为成员的项目/阶段/任务。</value>
    </property>
    <property key="SecurityPermission.description.PROJECTMGR_TIMESHEET_CREATE">
        <value xml:lang="en">Be able to create any weekly timesheet.</value>
        <value xml:lang="zh_CN">能够创建任一周工时单。</value>
    </property>
    <property key="SecurityPermission.description.PROJECTMGR_TIMESHEET_UPDATE">
        <value xml:lang="en">Be able to update any weekly timesheet.</value>
        <value xml:lang="zh_CN">能够更新任一周工时单。</value>
    </property>
    <property key="SecurityPermission.description.PROJECTMGR_VIEW">
        <value xml:lang="en">ALL View operations in the Project Manager(but can be limited by ROLE_VIEW)</value>
        <value xml:lang="zh_CN">项目管理中的全部浏览操作(能够被ROLE_VIEW限制)</value>
    </property>
    <property key="SecurityPermission.description.SECURITY_ADMIN">
        <value xml:lang="en">ALL operations in the Security Management Screens.</value>
        <value xml:lang="zh_CN">在安全管理屏幕中的全部操作。</value>
    </property>
    <property key="SecurityPermission.description.SECURITY_CREATE">
        <value xml:lang="en">Create operations in the Security Management Screens.</value>
        <value xml:lang="zh_CN">在安全管理屏幕中的创建操作。</value>
    </property>
    <property key="SecurityPermission.description.SECURITY_DELETE">
        <value xml:lang="en">Delete operations in the Security Management Screens.</value>
        <value xml:lang="zh_CN">在安全管理屏幕中的删除操作。</value>
    </property>
    <property key="SecurityPermission.description.SECURITY_UPDATE">
        <value xml:lang="en">Update operations in the Security Management Screens.</value>
        <value xml:lang="zh_CN">在安全管理屏幕中的更新操作。</value>
    </property>
    <property key="SecurityPermission.description.SECURITY_VIEW">
        <value xml:lang="en">View operations in the Security Management Screens.</value>
        <value xml:lang="zh_CN">在安全管理屏幕中的浏览操作。</value>
    </property>
    <property key="SecurityPermission.description.SEND_CONTROL_APPLET">
        <value xml:lang="en">Send to the Control Applet.</value>
        <value xml:lang="zh_CN">发送到控制小程序。</value>
    </property>
    <property key="SecurityPermission.description.SERVER_STATS_VIEW">
        <value xml:lang="en">View the Server Statistics pages.</value>
        <value xml:lang="zh_CN">浏览服务器统计页面。</value>
    </property>
    <property key="SecurityPermission.description.SERVICE_INVOKE_ANY">
        <value xml:lang="en">Permission to invoke any service remotely.</value>
        <value xml:lang="zh_CN">远程调用任何服务的权限。</value>
    </property>
    <property key="SecurityPermission.description.SERVICE_MAINT">
        <value xml:lang="en">Use the Service Maintenance pages.</value>
        <value xml:lang="zh_CN">使用服务维护页面。</value>
    </property>
    <property key="SecurityPermission.description.SHIPRATE_ADMIN">
        <value xml:lang="en">ALL operations in the Shipping Rate Editor.</value>
        <value xml:lang="zh_CN">在送货费率编辑器中的全部操作。</value>
    </property>
    <property key="SecurityPermission.description.SHIPRATE_CREATE">
        <value xml:lang="en">Create operations in the Shipping Rate Editor.</value>
        <value xml:lang="zh_CN">在送货费率编辑器中的创建操作。</value>
    </property>
    <property key="SecurityPermission.description.SHIPRATE_DELETE">
        <value xml:lang="en">Delete operations in the Shipping Rate Editor.</value>
        <value xml:lang="zh_CN">在送货费率编辑器中的删除操作。</value>
    </property>
    <property key="SecurityPermission.description.SHIPRATE_VIEW">
        <value xml:lang="en">View operations in the Shipping Rate Editor.</value>
        <value xml:lang="zh_CN">在送货费率编辑器中的浏览操作。</value>
    </property>
    <property key="SecurityPermission.description.TAXRATE_ADMIN">
        <value xml:lang="en">ALL operations in the Tax Rate Editor.</value>
        <value xml:lang="zh_CN">在税率编辑器中的全部操作。</value>
    </property>
    <property key="SecurityPermission.description.TAXRATE_CREATE">
        <value xml:lang="en">Create operations in the Tax Rate Editor.</value>
        <value xml:lang="zh_CN">在税率编辑器中的创建操作。</value>
    </property>
    <property key="SecurityPermission.description.TAXRATE_DELETE">
        <value xml:lang="en">Delete operations in the Tax Rate Editor.</value>
        <value xml:lang="zh_CN">在税率编辑器中的删除操作。</value>
    </property>
    <property key="SecurityPermission.description.TAXRATE_VIEW">
        <value xml:lang="en">View operations in the Tax Rate Editor.</value>
        <value xml:lang="zh_CN">在税率编辑器中的浏览操作。</value>
    </property>
    <property key="SecurityPermission.description.TEMPEXPR_ADMIN">
        <value xml:lang="en">Temporal expression admin</value>
        <value xml:lang="zh_CN">时间表达式管理</value>
    </property>
    <property key="SecurityPermission.description.USERPREF_ADMIN">
        <value xml:lang="en">User preferences admin</value>
        <value xml:lang="zh_CN">用户设置管理</value>
    </property>
    <property key="SecurityPermission.description.UTIL_CACHE_EDIT">
        <value xml:lang="en">Edit a UtilCache instance.</value>
        <value xml:lang="zh_CN">编辑一个应用缓存实例。</value>
    </property>
    <property key="SecurityPermission.description.UTIL_CACHE_VIEW">
        <value xml:lang="en">View a UtilCache instance.</value>
        <value xml:lang="zh_CN">浏览一个应用缓存实例。</value>
    </property>
    <property key="SecurityPermission.description.UTIL_DEBUG_EDIT">
        <value xml:lang="en">Edit a UtilDebug instance.</value>
        <value xml:lang="zh_CN">编辑一个应用调试实例。</value>
    </property>
    <property key="SecurityPermission.description.UTIL_DEBUG_VIEW">
        <value xml:lang="en">View a UtilDebug instance.</value>
        <value xml:lang="zh_CN">浏览一个应用调试实例。</value>
    </property>
    <property key="SecurityPermission.description.VISUALTHEME_ADMIN">
        <value xml:lang="en">ALL operations on Visual Themes and Visual Theme Resources.</value>
        <value xml:lang="zh_CN">视觉风格和视觉风格资源的全部操作。</value>
    </property>
    <property key="SecurityPermission.description.VISUALTHEME_CREATE">
        <value xml:lang="en">Create Visual Themes and Visual Theme Resources.</value>
        <value xml:lang="zh_CN">创建视觉风格和视觉风格资源。</value>
    </property>
    <property key="SecurityPermission.description.VISUALTHEME_DELETE">
        <value xml:lang="en">Delete Visual Themes and Visual Theme Resources.</value>
        <value xml:lang="zh_CN">删除视觉风格和视觉风格资源。</value>
    </property>
    <property key="SecurityPermission.description.VISUALTHEME_UPDATE">
        <value xml:lang="en">Update Visual Themes and Visual Theme Resources.</value>
        <value xml:lang="zh_CN">更新视觉风格和视觉风格资源。</value>
    </property>
    <property key="SecurityPermission.description.WEBTOOLS_VIEW">
        <value xml:lang="en">Permission to access the WebTools Menu.</value>
        <value xml:lang="zh_CN">访问Web工具菜单的权限。</value>
    </property>
    <property key="SecurityPermission.description.WORKEFFORTMGR_ADMIN">
        <value xml:lang="en">ALL operations in the Work Effort Manager.</value>
        <value xml:lang="zh_CN">人工服务管理中的全部操作。</value>
    </property>
    <property key="SecurityPermission.description.WORKEFFORTMGR_CREATE">
        <value xml:lang="en">Create operations in the Work Effort Manager.</value>
        <value xml:lang="zh_CN">人工服务管理中的创建操作。</value>
    </property>
    <property key="SecurityPermission.description.WORKEFFORTMGR_DELETE">
        <value xml:lang="en">Delete operations in the Work Effort Manager.</value>
        <value xml:lang="zh_CN">人工服务管理中的删除操作。</value>
    </property>
    <property key="SecurityPermission.description.WORKEFFORTMGR_ROLE_CREATE">
        <value xml:lang="en">Limited Create operations in the Work Effort Manager.</value>
        <value xml:lang="zh_CN">人工服务管理中有限的创建操作。</value>
    </property>
    <property key="SecurityPermission.description.WORKEFFORTMGR_ROLE_DELETE">
        <value xml:lang="en">Limited Delete operations the Work Effort Manager.</value>
        <value xml:lang="zh_CN">人工服务管理中有限的删除操作。</value>
    </property>
    <property key="SecurityPermission.description.WORKEFFORTMGR_ROLE_UPDATE">
        <value xml:lang="en">Limited Update operations in the Work Effort Manager.</value>
        <value xml:lang="zh_CN">人工服务管理中有限的更新操作。</value>
    </property>
    <property key="SecurityPermission.description.WORKEFFORTMGR_ROLE_VIEW">
        <value xml:lang="en">Limited View operations in the Work Effort Manager.</value>
        <value xml:lang="zh_CN">人工服务管理中有限的浏览操作。</value>
    </property>
    <property key="SecurityPermission.description.WORKEFFORTMGR_UPDATE">
        <value xml:lang="en">Update operations in the Work Effort Manager.</value>
        <value xml:lang="zh_CN">人工服务管理中的更新操作。</value>
    </property>
    <property key="SecurityPermission.description.WORKEFFORTMGR_VIEW">
        <value xml:lang="en">View operations in the Work Effort Manager.</value>
        <value xml:lang="zh_CN">人工服务管理中的浏览操作。</value>
    </property>
    <property key="SecurityPermission.description.WORKFLOW_MAINT">
        <value xml:lang="en">Use the Workflow Maintenance pages.</value>
        <value xml:lang="zh_CN">使用工作流维护页面。</value>
    </property>
</resource>
