<?xml version="1.0" encoding="UTF-8"?>
<!--
   Project:Easy Web Framework
   Description:
   EasyFK stands for Easy Web Framework.It's an open source product for E-Business / E-Commerce.It
   was launched by a chinese Hezhiping(QQ:110476592) in 2015.The goal of EasyFK is to  provide a
   foundation and starting point for reliable, secure , simple-to-use ,cost-effective ,scalable
   and suitable-for-Chinese E-Business / E-Commerce solutions. With EasyFK, you can get started
   right away without the huge deployment and maintenance costs of E-Business / E-Commerce systems.
   Of course, you can customize it or use it as a framework to implement your most challenging business needs.
   EasyFk is licensed under the Apache License Version 2.0.  You may obtain a copy of the License at
   http://www.apache.org/licenses/LICENSE-2.0
   Author:hezhiping   Email:110476592@qq.com
-->
<resource xmlns:xsi="http://www.w3.org/2001/XMLSchema-instance">
    <property key="AddPermissionManuallyToSecurityGroup">
        <value xml:lang="en">Add Permission (manually) to Security Group</value>
        <value xml:lang="zh_CN">(手工)把权限添加到安全组</value>
    </property>
    <property key="AddPermissionToSecurityGroup">
        <value xml:lang="en">Add Permission (from list) to Security Group</value>
        <value xml:lang="zh_CN">(从列表)把权限添加到安全组</value>
    </property>
    <property key="AddProtectedViewToSecurityGroup">
        <value xml:lang="en">Add a Protected View to SecurityGroup</value>
        <value xml:lang="zh_CN">添加一个受保护的视图到安全组</value>
    </property>
    <property key="AddUserLoginToSecurityGroup">
        <value xml:lang="en">Add User Login to Security Group</value>
        <value xml:lang="zh_CN">把用户登录添加到安全组</value>
    </property>
    <property key="CertComponent">
        <value xml:lang="en">Component</value>
        <value xml:lang="zh_CN">组件</value>
    </property>
    <property key="CertDetails">
        <value xml:lang="en">Cert Details</value>
    </property>
    <property key="CertImportIssuer">
        <value xml:lang="en">Import Issuer</value>
        <value xml:lang="zh_CN">导入发行人</value>
    </property>
    <property key="CertInvalid">
        <value xml:lang="en">Invalid certificate</value>
        <value xml:lang="zh_CN">无效的证书</value>
    </property>
    <property key="CertIssuers">
        <value xml:lang="en">Cert Issuers</value>
        <value xml:lang="zh_CN">证书发行人</value>
    </property>
    <property key="CertKeyAlias">
        <value xml:lang="en">Key Alias</value>
        <value xml:lang="zh_CN">密钥别名</value>
    </property>
    <property key="CertKeyStore">
        <value xml:lang="en">Keystore</value>
        <value xml:lang="zh_CN">密钥库</value>
    </property>
    <property key="CertName">
        <value xml:lang="en">Cert Name</value>
        <value xml:lang="zh_CN">证书名</value>
    </property>
    <property key="CertSaveToKeyStore">
        <value xml:lang="en">Save to Keystore</value>
        <value xml:lang="zh_CN">保存到密钥库</value>
    </property>
    <property key="CertSerialNumber">
        <value xml:lang="en">Cert Serial Number</value>
        <value xml:lang="zh_CN">证书序列号</value>
    </property>
    <property key="CertType">
        <value xml:lang="en">Cert Type</value>
        <value xml:lang="zh_CN">证书类型</value>
    </property>
    <property key="CreateUserLogin">
        <value xml:lang="en">Create User Login</value>
        <value xml:lang="zh_CN">创建用户登录</value>
    </property>
    <property key="FindUserLogin">
        <value xml:lang="en">Find User Login</value>
    </property>
    <property key="FormFieldTitle_currentPassword">
        <value xml:lang="en">Current Password</value>
        <value xml:lang="zh_CN">当前密码</value>
    </property>
    <property key="FormFieldTitle_currentPasswordVerify">
        <value xml:lang="en">Current Password Verify</value>
        <value xml:lang="zh_CN">当前密码验证</value>
    </property>
    <property key="FormFieldTitle_disabledDateTime">
        <value xml:lang="en">Disabled Date Time</value>
    </property>
    <property key="FormFieldTitle_enabled">
        <value xml:lang="en">Enabled</value>
        <value xml:lang="zh_CN">有效</value>
    </property>
    <property key="FormFieldTitle_externalAuthId">
        <value xml:lang="en">External Auth Id</value>
    </property>
    <property key="FormFieldTitle_hasLoggedOut">
        <value xml:lang="en">Has Logged Out</value>
    </property>
    <property key="FormFieldTitle_maxHits">
        <value xml:lang="en">Maximum number of visits</value>
        <value xml:lang="zh_CN">最大访问数量</value>
    </property>
    <property key="FormFieldTitle_maxHitsDuration">
        <value xml:lang="en">Duration during which the visits are considered (in seconds)</value>
        <value xml:lang="zh_CN">访问停留时间(秒)</value>
    </property>
    <property key="FormFieldTitle_newPassword">
        <value xml:lang="en">New Password</value>
        <value xml:lang="zh_CN">新密码</value>
    </property>
    <property key="FormFieldTitle_newPasswordVerify">
        <value xml:lang="en">Verify New Password</value>
        <value xml:lang="zh_CN">新密码验证</value>
    </property>
    <property key="FormFieldTitle_passwordHint">
        <value xml:lang="en">Password Hint</value>
    </property>
    <property key="FormFieldTitle_requirePasswordChange">
        <value xml:lang="en">Require Password Change</value>
        <value xml:lang="zh_CN">必须修改密码</value>
    </property>
    <property key="FormFieldTitle_successiveFailedLogins">
        <value xml:lang="en">Successive Failed Logins</value>
    </property>
    <property key="FormFieldTitle_tarpitDuration">
        <value xml:lang="en">Duration during which the view will not be accessible (in seconds)</value>
        <value xml:lang="zh_CN">视图不能访问的时长(秒)</value>
    </property>
    <property key="FormFieldTitle_userLdapDn">
        <value xml:lang="en">LDAP Distinguished Name</value>
        <value xml:lang="zh_CN">LDAP专有名</value>
    </property>
    <property key="FormFieldTitle_userLoginId">
        <value xml:lang="en">User Login ID</value>
        <value xml:lang="zh_CN">用户登录标识</value>
    </property>
    <property key="FormFieldTitle_viewNameId">
        <value xml:lang="en">View Name</value>
        <value xml:lang="zh_CN">浏览名称</value>
    </property>
    <property key="LookupUserLogin">
        <value xml:lang="en">Lookup User Login</value>
    </property>
    <property key="NewSecurityGroup">
        <value xml:lang="en">New Security Group</value>
        <value xml:lang="zh_CN">新建安全组</value>
    </property>
    <property key="PageTitleAddIssuerProvisions">
        <value xml:lang="en">Add Issuer Provisions</value>
        <value xml:lang="zh_CN">添加发行人信息</value>
    </property>
    <property key="PageTitleEditIssuerProvisions">
        <value xml:lang="en">Edit Issuer Provisions</value>
        <value xml:lang="zh_CN">编辑发行人信息</value>
    </property>
    <property key="PageTitleEditSecurityGroup">
        <value xml:lang="en">Edit Security Group</value>
        <value xml:lang="zh_CN">编辑安全组</value>
    </property>
    <property key="PageTitleEditSecurityGroupPermissions">
        <value xml:lang="en">Edit Security Group Permissions</value>
        <value xml:lang="zh_CN">编辑安全组权限</value>
    </property>
    <property key="PageTitleEditUserLoginSecurityGroups">
        <value xml:lang="en">Edit User Login Security Groups</value>
        <value xml:lang="zh_CN">编辑用户登录安全组</value>
    </property>
    <property key="PageTitleFindSecurityGroup">
        <value xml:lang="en">Find Security Group</value>
        <value xml:lang="zh_CN">查找安全组</value>
    </property>
    <property key="PageTitleImportCertificate">
        <value xml:lang="en">Import Certificate</value>
        <value xml:lang="zh_CN">导入证书</value>
    </property>
    <property key="PermissionId">
        <value xml:lang="en">Permission ID</value>
        <value xml:lang="zh_CN">权限标识</value>
    </property>
    <property key="Permissions">
        <value xml:lang="en">Permissions</value>
        <value xml:lang="zh_CN">权限</value>
    </property>
    <property key="ProtectedViews">
        <value xml:lang="en">Protected Views</value>
        <value xml:lang="zh_CN">受保护的视图</value>
    </property>
    <property key="SecurityGroups">
        <value xml:lang="en">Security Groups</value>
        <value xml:lang="zh_CN">安全组</value>
    </property>
    <property key="SecurityGroupsList">
        <value xml:lang="en">SecurityGroups List</value>
        <value xml:lang="zh_CN">安全组列表</value>
    </property>
    <property key="SecurityViewPermissionError">
        <value xml:lang="en">SecurityViewPermissionError You do not have permission to view this page. ("SECURITY_VIEW" or "SECURITY_ADMIN" needed)</value>
        <value xml:lang="zh_CN">SecurityViewPermissionError 你没有权限浏览本页面。 (需要"SECURITY_VIEW" 或 "SECURITY_ADMIN")</value>
    </property>
    <property key="UserLogin">
        <value xml:lang="en">User Login</value>
    </property>
    <property key="UserLoginChangePassword">
        <value xml:lang="en">Change User Login Password</value>
        <value xml:lang="zh_CN">修改用户登录密码</value>
    </property>
    <property key="UserLoginUpdateSecuritySettings">
        <value xml:lang="en">Update User Login Security Settings</value>
        <value xml:lang="zh_CN">更新用户登录安全设置</value>
    </property>
    <property key="UserLogins">
        <value xml:lang="en">User Logins</value>
        <value xml:lang="zh_CN">用户登录</value>
    </property>
    <property key="ViewCert">
        <value xml:lang="en">View Cert</value>
        <value xml:lang="zh_CN">浏览证书</value>
    </property>
</resource>
