<?xml version="1.0" encoding="UTF-8" ?>
<!--
Project:Easy Web Framework
Description:
EasyFK stands for Easy Web Framework.It's an open source product for E-Business / E-Commerce.It
was launched by a chinese Hezhiping(QQ:110476592) in 2015.The goal of EasyFK is to  provide a
foundation and starting point for reliable, secure , simple-to-use ,cost-effective ,scalable
and suitable-for-Chinese E-Business / E-Commerce solutions. With EasyFK, you can get started
right away without the huge deployment and maintenance costs of E-Business / E-Commerce systems.
Of course, you can customize it or use it as a framework to implement your most challenging business needs.
EasyFk is licensed under the Apache License Version 2.0.  You may obtain a copy of the License at
http://www.apache.org/licenses/LICENSE-2.0
Author:hezhiping   Email:110476592@qq.com
-->
<!DOCTYPE mapper PUBLIC
        "-//mybatis.org//DTD Mapper 3.0//EN"
        "http://mybatis.org/dtd/mybatis-3-mapper.dtd">
<mapper namespace="cn.gorun8.easyfk.party.dao.ContactMechWriteDao">

    <insert id="createContactMech" parameterType="cn.gorun8.easyfk.entity.GenericValue">
        INSERT INTO contact_mech(
        CONTACT_MECH_ID,
        CONTACT_MECH_TYPE_ID
        <if test=" INFO_STRING!= null">,INFO_STRING</if>
        <if test=" LAST_UPDATED_STAMP!= null">,LAST_UPDATED_STAMP</if>
        <if test=" LAST_UPDATED_TX_STAMP!= null">,LAST_UPDATED_TX_STAMP</if>
        <if test=" CREATED_STAMP!= null">,CREATED_STAMP</if>
        <if test=" CREATED_TX_STAMP!= null">,CREATED_TX_STAMP</if>
        )
        VALUES (
        #{CONTACT_MECH_ID},
        #{CONTACT_MECH_TYPE_ID}
        <if test=" INFO_STRING!= null">,#{INFO_STRING}</if>
        <if test=" LAST_UPDATED_STAMP!= null">,#{LAST_UPDATED_STAMP}</if>
        <if test=" LAST_UPDATED_TX_STAMP!= null">,#{LAST_UPDATED_TX_STAMP}</if>
        <if test=" CREATED_STAMP!= null">,#{CREATED_STAMP}</if>
        <if test=" CREATED_TX_STAMP!= null">,#{CREATED_TX_STAMP}</if>
        )
    </insert>

    <insert id="createPartyContactMech" parameterType="cn.gorun8.easyfk.entity.GenericValue">
        INSERT INTO party_contact_mech(
        PARTY_ID,
        CONTACT_MECH_ID,
        FROM_DATE
        <if test=" ROLE_TYPE_ID!= null">, ROLE_TYPE_ID</if>
        <if test=" ALLOW_SOLICITATION!= null">, ALLOW_SOLICITATION</if>
        <if test=" EXTENSION!= null">,EXTENSION </if>
        <if test=" VERIFIED!= null">,VERIFIED </if>
        <if test=" COMMENTS!= null">,COMMENTS </if>
        <if test=" YEARS_WITH_CONTACT_MECH!= null">,YEARS_WITH_CONTACT_MECH </if>
        <if test=" MONTHS_WITH_CONTACT_MECH!= null">,MONTHS_WITH_CONTACT_MECH </if>
        <if test=" LAST_UPDATED_STAMP!= null">,LAST_UPDATED_STAMP</if>
        <if test=" LAST_UPDATED_TX_STAMP!= null">,LAST_UPDATED_TX_STAMP</if>
        <if test=" CREATED_STAMP!= null">,CREATED_STAMP</if>
        <if test=" CREATED_TX_STAMP!= null">,CREATED_TX_STAMP</if>
        )
        VALUES (
        #{PARTY_ID},
        #{CONTACT_MECH_ID},
        #{FROM_DATE}
        <if test=" ROLE_TYPE_ID!= null">, ROLE_TYPE_ID</if>
        <if test=" ALLOW_SOLICITATION!= null">, ALLOW_SOLICITATION</if>
        <if test=" EXTENSION!= null">,EXTENSION </if>
        <if test=" VERIFIED!= null">,VERIFIED </if>
        <if test=" COMMENTS!= null">,COMMENTS </if>
        <if test=" YEARS_WITH_CONTACT_MECH!= null">,YEARS_WITH_CONTACT_MECH </if>
        <if test=" MONTHS_WITH_CONTACT_MECH!= null">,MONTHS_WITH_CONTACT_MECH </if>
        <if test=" LAST_UPDATED_STAMP!= null">,#{LAST_UPDATED_STAMP}</if>
        <if test=" LAST_UPDATED_TX_STAMP!= null">,#{LAST_UPDATED_TX_STAMP}</if>
        <if test=" CREATED_STAMP!= null">,#{CREATED_STAMP}</if>
        <if test=" CREATED_TX_STAMP!= null">,#{CREATED_TX_STAMP}</if>
        )
    </insert>




</mapper>