<?xml version="1.0" encoding="UTF-8" ?>
<!--
Project:Easy Web Framework
Description:
EasyFK stands for Easy Web Framework.It's an open source product for E-Business / E-Commerce.It
was launched by a chinese Hezhiping(QQ:110476592) in 2015.The goal of EasyFK is to  provide a
foundation and starting point for reliable, secure , simple-to-use ,cost-effective ,scalable
and suitable-for-Chinese E-Business / E-Commerce solutions. With EasyFK, you can get started
right away without the huge deployment and maintenance costs of E-Business / E-Commerce systems.
Of course, you can customize it or use it as a framework to implement your most challenging business needs.
EasyFk is licensed under the Apache License Version 2.0.  You may obtain a copy of the License at
http://www.apache.org/licenses/LICENSE-2.0
Author:hezhiping   Email:110476592@qq.com
-->
<!DOCTYPE mapper PUBLIC
        "-//mybatis.org//DTD Mapper 3.0//EN"
        "http://mybatis.org/dtd/mybatis-3-mapper.dtd">
<mapper namespace="cn.gorun8.easyfk.party.dao.ContactMechReadDao">

    <select id="findContactMechById" parameterType="java.lang.String"   resultType="cn.gorun8.easyfk.entity.GenericValue">
        SELECT  *  FROM contact_mech  as cm
        WHERE cm.CONTACT_MECH_ID =#{CONTACT_MECH_ID}
    </select>

    <select id="findPartyAndContactMech" parameterType="java.lang.String"   resultType="cn.gorun8.easyfk.entity.GenericValue">
        SELECT  *  FROM party  as pty,party_contact_mech as pcm, contact_mech as cm,
        postal_address as pa,telecom_number as tn
        WHERE pty.PARTY_ID = pcm.PARTY_ID  AND pcm.CONTACT_MECH_ID = cm.CONTACT_MECH_ID AND
        pcm.CONTACT_MECH_ID = pa.CONTACT_MECH_ID AND pcm.CONTACT_MECH_ID = tn.CONTACT_MECH_ID
    </select>

    <select id="findPartyContactMech" parameterType="java.lang.String"   resultType="cn.gorun8.easyfk.entity.GenericValue">
        SELECT  *  FROM contact_mech as cm,party_contact_mech as pcm
        WHERE pcm.CONTACT_MECH_ID = cm.CONTACT_MECH_ID AND PARTY_ID=#{PARTY_ID}
    </select>

    <select id="findContactMechTypeById" parameterType="java.lang.String"   resultType="cn.gorun8.easyfk.entity.GenericValue">
        SELECT  *  FROM contact_mech_type  as cmt
        WHERE cm.CONTACT_MECH_TYPE_ID =#{CONTACT_MECH_TYPE_ID}
    </select>








<!--


    <select id="findPartyById" parameterType="java.lang.String"   resultType="cn.gorun8.easyfk.entity.GenericValue">
        SELECT  * FROM party WHERE PARTY_ID = #{PARTY_ID}
    </select>

    <select id="findPersonById" parameterType="java.lang.String"   resultType="cn.gorun8.easyfk.entity.GenericValue">
        SELECT  * FROM person WHERE PARTY_ID = #{PARTY_ID}
    </select>

    <select id="findPartyTypeById" parameterType="java.lang.String"   resultType="cn.gorun8.easyfk.entity.GenericValue">
        SELECT  * FROM party_type WHERE PARTY_TYPE_ID = #{PARTY_TYPE_ID}
    </select>

    <select id="findDescendantTypes" parameterType="java.lang.String"   resultType="cn.gorun8.easyfk.entity.GenericValue">
        SELECT  * FROM party_type WHERE PARENT_TYPE_ID = #{PARENT_TYPE_ID}
    </select>

    <select id="findPartyGroupList" parameterType="java.lang.String"   resultType="cn.gorun8.easyfk.entity.GenericValue">
        SELECT  * FROM party_group
    </select>

    <select id="findPartyGroupById" parameterType="java.lang.String"   resultType="cn.gorun8.easyfk.entity.GenericValue">
        SELECT  * FROM party_group WHERE PARTY_ID = #{PARTY_ID}
    </select>
-->

</mapper>