<?xml version="1.0" encoding="UTF-8" ?>
<!--
Project:Easy Web Framework
Description:
EasyFK stands for Easy Web Framework.It's an open source product for E-Business / E-Commerce.It
was launched by a chinese Hezhiping(QQ:110476592) in 2015.The goal of EasyFK is to  provide a
foundation and starting point for reliable, secure , simple-to-use ,cost-effective ,scalable
and suitable-for-Chinese E-Business / E-Commerce solutions. With EasyFK, you can get started
right away without the huge deployment and maintenance costs of E-Business / E-Commerce systems.
Of course, you can customize it or use it as a framework to implement your most challenging business needs.
EasyFk is licensed under the Apache License Version 2.0.  You may obtain a copy of the License at
http://www.apache.org/licenses/LICENSE-2.0
Author:hezhiping   Email:110476592@qq.com
-->
<!DOCTYPE mapper PUBLIC
        "-//mybatis.org//DTD Mapper 3.0//EN"
        "http://mybatis.org/dtd/mybatis-3-mapper.dtd">
<mapper namespace="cn.gorun8.easyfk.party.dao.PartyClsGroupWriteDao">


    <insert id="createPartyClassification" parameterType="cn.gorun8.easyfk.entity.GenericValue">
        INSERT INTO party_classification(
        PARTY_ID,
        PARTY_CLASSIFICATION_GROUP_ID,
        FROM_DATE,
        <if test="LAST_UPDATED_STAMP != null">,LAST_UPDATED_STAMP</if>
        <if test="LAST_UPDATED_TX_STAMP != null">,LAST_UPDATED_TX_STAMP</if>
        <if test="CREATED_STAMP != null">,CREATED_STAMP</if>
        <if test="CREATED_TX_STAMP != null">,CREATED_TX_STAMP</if>
        )
        VALUES (
        #{PARTY_ID},
        #{PARTY_CLASSIFICATION_GROUP_ID},
        #{FROM_DATE},
        <if test="LAST_UPDATED_STAMP != null">,#{LAST_UPDATED_STAMP}</if>
        <if test="LAST_UPDATED_TX_STAMP != null">,#{LAST_UPDATED_TX_STAMP}</if>
        <if test="CREATED_STAMP != null">,#{CREATED_STAMP}</if>
        <if test="CREATED_TX_STAMP != null">,#{CREATED_TX_STAMP}</if>
        )
    </insert>


    <update id="updatePartyClassification" parameterType="cn.gorun8.easyfk.entity.GenericValue">
        UPDATE party_classification
        SET
        PARTY_CLASSIFICATION_GROUP_ID = #{PARTY_CLASSIFICATION_GROUP_ID},
        FROM_DATE = #{FROM_DATE}
        <if test="LAST_UPDATED_STAMP != null">,LAST_UPDATED_STAMP=#{LAST_UPDATED_STAMP}</if>
        <if test="LAST_UPDATED_TX_STAMP != null">,LAST_UPDATED_TX_STAMP=#{LAST_UPDATED_TX_STAMP}</if>
        WHERE
        PARTY_ID =#{PARTY_ID}
    </update>

    <delete id="deletePartyClassification" parameterType="java.lang.String">
        DELETE  FROM party_classification
        WHERE   PARTY_ID=#{PARTY_ID} AND PARTY_CLASSIFICATION_GROUP_ID =#{PARTY_CLASSIFICATION_GROUP_ID}
    </delete>

    <insert id="createPartyClsGroup" parameterType="cn.gorun8.easyfk.entity.GenericValue">
            INSERT INTO party_classification_group(
             PARTY_CLASSIFICATION_GROUP_ID,
             PARTY_CLASSIFICATION_TYPE_ID,
             PARENT_GROUP_ID,
             DESCRIPTION
            <if test="LAST_UPDATED_STAMP != null">,LAST_UPDATED_STAMP</if>
            <if test="LAST_UPDATED_TX_STAMP != null">,LAST_UPDATED_TX_STAMP</if>
            <if test="CREATED_STAMP != null">,CREATED_STAMP</if>
            <if test="CREATED_TX_STAMP != null">,CREATED_TX_STAMP</if>
             )
            VALUES (
            #{PARTY_CLASSIFICATION_GROUP_ID},
            #{PARTY_CLASSIFICATION_TYPE_ID},
            #{PARENT_GROUP_ID},
            #{DESCRIPTION}
            <if test="LAST_UPDATED_STAMP != null">,#{LAST_UPDATED_STAMP}</if>
            <if test="LAST_UPDATED_TX_STAMP != null">,#{LAST_UPDATED_TX_STAMP}</if>
            <if test="CREATED_STAMP != null">,#{CREATED_STAMP}</if>
            <if test="CREATED_TX_STAMP != null">,#{CREATED_TX_STAMP}</if>
            )

    </insert>

    <update id="savePartyClsGroup" parameterType="cn.gorun8.easyfk.entity.GenericValue">
          UPDATE party_classification_group
          SET
           PARENT_GROUP_ID = #{PARENT_GROUP_ID}
           <if test="DESCRIPTION != null">,DESCRIPTION = #{DESCRIPTION}</if>
           <if test="LAST_UPDATED_STAMP != null">,LAST_UPDATED_STAMP=#{LAST_UPDATED_STAMP}</if>
           <if test="LAST_UPDATED_TX_STAMP != null">,LAST_UPDATED_TX_STAMP=#{LAST_UPDATED_TX_STAMP}</if>
          WHERE
            PARTY_CLASSIFICATION_GROUP_ID =#{PARTY_CLASSIFICATION_GROUP_ID}
    </update>


    <delete id="removePartyClsGroupByPrimaryKey" parameterType="java.lang.String">
            DELETE  FROM party_classification_group
            WHERE   PARTY_CLASSIFICATION_GROUP_ID =#{PARTY_CLASSIFICATION_GROUP_ID}
    </delete>



    <insert id="setPartyClassification" parameterType="cn.gorun8.easyfk.entity.GenericValue">
    INSERT INTO party_classification(
             PARTY_ID,
             PARTY_CLASSIFICATION_GROUP_ID,
             FROM_DATE
        <if test="THRU_DATE != null">,THRU_DATE</if>
        <if test="LAST_UPDATED_STAMP != null">,LAST_UPDATED_STAMP</if>
        <if test="LAST_UPDATED_TX_STAMP != null">,LAST_UPDATED_TX_STAMP</if>
        <if test="CREATED_STAMP != null">,CREATED_STAMP</if>
        <if test="CREATED_TX_STAMP != null">,CREATED_TX_STAMP</if>
        )VALUES (
            #{PARTY_ID},
            #{PARTY_CLASSIFICATION_GROUP_ID},
            #{FROM_DATE}
            <if test="THRU_DATE != null">
                ,#{THRU_DATE}
            </if>
            <if test="LAST_UPDATED_STAMP != null">,#{LAST_UPDATED_STAMP}</if>
            <if test="LAST_UPDATED_TX_STAMP != null">,#{LAST_UPDATED_TX_STAMP}</if>
            <if test="CREATED_STAMP != null">,#{CREATED_STAMP}</if>
            <if test="CREATED_TX_STAMP != null">,#{CREATED_TX_STAMP}</if>
            )
    </insert>

</mapper>