<?xml version="1.0" encoding="UTF-8" ?>
<!--
Project:Easy Web Framework
Description:
EasyFK stands for Easy Web Framework.It's an open source product for E-Business / E-Commerce.It
was launched by a chinese Hezhiping(QQ:110476592) in 2015.The goal of EasyFK is to  provide a
foundation and starting point for reliable, secure , simple-to-use ,cost-effective ,scalable
and suitable-for-Chinese E-Business / E-Commerce solutions. With EasyFK, you can get started
right away without the huge deployment and maintenance costs of E-Business / E-Commerce systems.
Of course, you can customize it or use it as a framework to implement your most challenging business needs.
EasyFk is licensed under the Apache License Version 2.0.  You may obtain a copy of the License at
http://www.apache.org/licenses/LICENSE-2.0
Author:hezhiping   Email:110476592@qq.com
-->
<!DOCTYPE mapper PUBLIC
        "-//mybatis.org//DTD Mapper 3.0//EN"
        "http://mybatis.org/dtd/mybatis-3-mapper.dtd">
<mapper namespace="cn.gorun8.easyfk.security.dao.SecurityReadDao">
    
    <select id="findOne"  resultType="cn.gorun8.easyfk.entity.GenericValue">
    	SELECT * 
        FROM
        	security_group ul
        WHERE ul.GROUP_ID = #{GROUP_ID}
    </select>

    <select id="findSecurityGroup"  resultType="cn.gorun8.easyfk.entity.GenericValue">
        SELECT *
        FROM
        security_group
        WHERE
        1=1
        <if test="GROUP_ID!=null">AND GROUP_ID =#{GROUP_ID}</if>
        <if test="NAME!=null">AND  NAME =#{NAME}</if>
        <if test="DESCRIPTION!=null">AND DESCRIPTION =#{DESCRIPTION}</if>
    </select>

    <select id="findSecurityPermission"  resultType="cn.gorun8.easyfk.entity.GenericValue">
        SELECT    PERMISSION_ID, DESCRIPTION, DYNAMIC_ACCESS,PERMISSION_TAG,PARENT_ID
        FROM
        security_permission
        WHERE
        1=1
        <if test="PERMISSION_ID!=null">AND PERMISSION_ID =#{PERMISSION_ID}</if>
        <if test="PARENT_ID!=null">AND  PARENT_ID =#{PARENT_ID}</if>
        <if test="DESCRIPTION!=null">AND DESCRIPTION =#{DESCRIPTION}</if>
    </select>

    <select id="findGroupAndPermission"  resultType="cn.gorun8.easyfk.entity.GenericValue">
        SELECT   GROUP_ID, sp.PERMISSION_ID, DESCRIPTION, DYNAMIC_ACCESS,PERMISSION_TAG,PARENT_ID
        FROM
        security_permission as sp,security_group_permission as sgp
        WHERE
         sp.PERMISSION_ID = sgp.PERMISSION_ID AND sgp.GROUP_ID=#{GROUP_ID}

    </select>

    <select id="findUserLoginSecurityGroup"  resultType="cn.gorun8.easyfk.entity.GenericValue">
        SELECT   *  FROM   user_login_security_group    WHERE   GROUP_ID=#{GROUP_ID}
    </select>

</mapper>