<?xml version="1.0" encoding="UTF-8"?>
<!--
   Project:Easy Web Framework
   Description:
   EasyFK stands for Easy Web Framework.It's an open source product for E-Business / E-Commerce.It
   was launched by a chinese Hezhiping(QQ:110476592) in 2015.The goal of EasyFK is to  provide a
   foundation and starting point for reliable, secure , simple-to-use ,cost-effective ,scalable
   and suitable-for-Chinese E-Business / E-Commerce solutions. With EasyFK, you can get started
   right away without the huge deployment and maintenance costs of E-Business / E-Commerce systems.
   Of course, you can customize it or use it as a framework to implement your most challenging business needs.
   EasyFk is licensed under the Apache License Version 2.0.  You may obtain a copy of the License at
   http://www.apache.org/licenses/LICENSE-2.0
   Author:hezhiping   Email:110476592@qq.com
-->

<component-loader xmlns:xsi="http://www.w3.org/2001/XMLSchema-instance"
        xsi:noNamespaceSchemaLocation="http://www.gorun8.cn/dtds/component-loader.xsd">
    <load-component component-location="base"/>
    <load-component component-location="entity"/>
    <load-component component-location="catalina"/>
    <load-component component-location="security"/>
    <load-component component-location="service"/>
    <load-component component-location="webapp"/>
    <load-component component-location="common"/>

    <load-component component-location="static"/>
</component-loader>
