<?xml version="1.0" encoding="UTF-8"?>
<!--
   Project:Easy Web Framework
   Description:
   EasyFK stands for Easy Web Framework.It's an open source product for E-Business / E-Commerce.It
   was launched by a chinese Hezhiping(QQ:110476592) in 2015.The goal of EasyFK is to  provide a
   foundation and starting point for reliable, secure , simple-to-use ,cost-effective ,scalable
   and suitable-for-Chinese E-Business / E-Commerce solutions. With EasyFK, you can get started
   right away without the huge deployment and maintenance costs of E-Business / E-Commerce systems.
   Of course, you can customize it or use it as a framework to implement your most challenging business needs.
   EasyFk is licensed under the Apache License Version 2.0.  You may obtain a copy of the License at
   http://www.apache.org/licenses/LICENSE-2.0
   Author:hezhiping   Email:110476592@qq.com
-->
<easyfk-containers xmlns:xsi="http://www.w3.org/2001/XMLSchema-instance" xsi:noNamespaceSchemaLocation="http://www.gorun8.cn/dtds/easyfk-containers.xsd">
    <!-- load the easyfk component container (always first) -->
    <container class="cn.gorun8.easyfk.base.container.ComponentContainer" name="component-container"/>

    <!-- load the cached classloader container (always second) -->
    <container class="cn.gorun8.easyfk.base.container.ClassLoaderContainer" name="classloader-container"/>
      
    <!-- load catalina (tomcat) and all web baseapps -->
    <container class="cn.gorun8.easyfk.catalina.container.CatalinaContainer" name="catalina-container">
        <!-- static configuration for tomcat -->
        <property name="disable-appname" value="install"/>
        <property name="delegator-name" value="default"/>
        <property name="use-naming" value="false"/>
        <property name="debug" value="0"/>
        <property name="catalina-runtime-home" value="runtime/catalina"/>
        <property name="apps-context-reloadable" value="false"/>
        <property name="apps-cross-context" value="false"/>
        <property name="apps-distributable" value="false"/><!-- you must also set all the webapps you want distributable, by adding <distributable/> in their web.xml file -->
        <!-- one or more tomcat engines (servers); map to this + host -->
        <property name="default-server" value="engine">
            <property name="default-host" value="0.0.0.0"/> 
            <property name="jvm-route" value="jvm1"/>
            <property name="access-log-pattern">
                <property-value>%h %l %u %t "%r" %s %b "%{Referer}i" "%{User-Agent}i"</property-value>
            </property>
            <property name="access-log-resolve" value="true"/>
            <property name="access-log-rotate" value="true"/>
            <property name="access-log-prefix" value="access_log."/>
            <property name="access-log-dir" value="runtime/logs"/>
            <!-- uncomment for cluster support
            <property name="default-server-cluster" value="cluster">
                <property name="rep-valve-filter">
                <property-value>.*\.gif;.*\.js;.*\.jpg;.*\.htm;.*\.html;.*\.txt;.*\.png;.*\.css;.*\.ico;.*\.htc;</property-value>
                </property>
                <property name="manager-class" value="org.apache.catalina.ha.session.DeltaManager"/>
                <property name="debug" value="5"/>
                <property name="replication-mode" value="org.apache.catalina.tribes.transport.bio.PooledMultiSender"/>
                <property name="tcp-listen-host" value="auto"/>
                <property name="tcp-listen-port" value="4001"/>
                <property name="tcp-sector-timeout" value="100"/>
                <property name="tcp-thread-count" value="6"/>
                <property name="mcast-bind-addr" value="192.168.2.1"/>
                <property name="mcast-addr" value="228.0.0.4"/>
                <property name="mcast-port" value="45564"/>
                <property name="mcast-freq" value="500"/>
                <property name="mcast-drop-time" value="3000"/>
            </property>
            -->
            <!-- <property name="ssl-accelerator-port" value="8443"/> -->
            <property name="enable-cross-subdomain-sessions" value="false"/>
        </property>
        <!-- all connectors support type, host, port, enable-lookups -->
        
        <!-- see http://jakarta.apache.org/tomcat/tomcat-5.5-doc/config/ajp.html for reference -->
        <!-- AJP/13 connector attributes -->
        <!--uncomment for AJP support
        <property name="ajp-connector" value="connector">
            <property name="allowTrace" value="false"/>
            <property name="emptySessionPath" value="false"/>
            <property name="enableLookups" value="false"/>
            <property name="maxPostSize" value="2097152"/>
            <property name="protocol" value="AJP/1.3"/>
            <property name="proxyName" value=""/>
            <property name="proxyPort" value=""/>
            <property name="redirectPort" value=""/>
            <property name="scheme" value="http"/>
            <property name="secure" value="false"/>
            <property name="URIEncoding" value="UTF-8"/>
            <property name="useBodyEncodingForURI" value="false"/>
            <property name="xpoweredBy" value="true"/>
            <property name="address" value="0.0.0.0"/>
            <property name="backlog" value="10"/>
            <property name="maxSpareThreads" value="50"/>
            <property name="maxThreads" value="200"/>
            <property name="minSpareThreads" value="4"/>
            <property name="port" value="8009"/>
            <property name="tcpNoDelay" value="true"/>
            <property name="soTimeout" value="60000"/>
            <property name="tomcatAuthentication" value="true"/>
        </property>
         -->
        <!-- HTTP connector attributes -->
        <property name="http-connector" value="connector">
            <property name="allowTrace" value="false"/>
            <property name="emptySessionPath" value="false"/>
            <property name="enableLookups" value="false"/>
            <property name="maxPostSize" value="2097152"/>
            <property name="protocol" value="HTTP/1.1"/>
            <property name="proxyName" value=""/>
            <property name="proxyPort" value=""/>
            <property name="redirectPort" value=""/>
            <property name="scheme" value="http"/>
            <property name="secure" value="false"/>
            <property name="URIEncoding" value="UTF-8"/>
            <property name="useBodyEncodingForURI" value="false"/>
            <property name="xpoweredBy" value="true"/>
            <property name="acceptCount" value="10"/>
            <property name="address" value="0.0.0.0"/>
            <property name="bufferSize" value="2048"/>
            <property name="compression" value="on"/>
            <property name="compressableMimeType" value="text/html,text/xml,text/plain,text/javascript,text/css"/>
            <property name="noCompressionUserAgents" value=""/>
            <property name="connectionLinger" value="-1"/>
            <property name="connectionTimeout" value="60000"/>
            <property name="disableUploadTimeout" value="false"/>
            <property name="maxHttpHeaderSize" value="8192"/>
            <property name="maxKeepAliveRequests" value="100"/>
            <property name="maxSpareThreads" value="50"/>
            <property name="maxThreads" value="100"/>
            <property name="minSpareThreads" value="4"/>
            <property name="port" value="6060"/>
            <property name="restrictedUserAgents" value=""/>
            <property name="server" value=""/>
            <property name="socketBuffer" value="9000"/>
            <property name="strategy" value="lf"/>
            <property name="tcpNoDelay" value="true"/>
            <property name="threadPriority" value="java.lang.Thread#NORM_PRIORITY"/>
        </property>
        <!-- HTTP connector attributes -->
        <property name="https-connector" value="connector">
            <property name="allowTrace" value="false"/>
            <property name="emptySessionPath" value="false"/>
            <property name="enableLookups" value="false"/>
            <property name="maxPostSize" value="2097152"/>
            <property name="protocol" value="HTTP/1.1"/>
            <property name="proxyName" value=""/>
            <property name="proxyPort" value=""/>
            <property name="redirectPort" value=""/>
            <property name="scheme" value="https"/>
            <property name="secure" value="true"/>
            <property name="URIEncoding" value="UTF-8"/>
            <property name="useBodyEncodingForURI" value="false"/>
            <property name="xpoweredBy" value="true"/>
            <property name="acceptCount" value="10"/>
            <property name="address" value="0.0.0.0"/>
            <property name="bufferSize" value="2048"/>
            <property name="compression" value="on"/>
            <property name="compressableMimeType" value="text/html,text/xml,text/plain,text/javascript,text/css"/>
            <property name="noCompressionUserAgents" value=""/>
            <property name="connectionLinger" value="-1"/>
            <property name="connectionTimeout" value="60000"/>
            <property name="disableUploadTimeout" value="false"/>
            <property name="maxHttpHeaderSize" value="8192"/>
            <property name="maxKeepAliveRequests" value="100"/>
            <property name="maxSpareThreads" value="50"/>
            <property name="maxThreads" value="100"/>
            <property name="minSpareThreads" value="4"/>
            <property name="port" value="6443"/>
            <property name="restrictedUserAgents" value=""/>
            <property name="server" value=""/>
            <property name="socketBuffer" value="9000"/>
            <property name="strategy" value="lf"/>
            <property name="tcpNoDelay" value="true"/>
            <property name="threadPriority" value="java.lang.Thread#NORM_PRIORITY"/>
            <!-- SSL connector attributes -->
            <property name="sSLImplementation" value="cn.gorun8.easyfk.catalina.container.SSLImpl"/>
            <property name="algorithm" value="SunX509"/>
            <!-- the clientAuth to "want" in order to receive certs from the client;
                note that this isn't set this way by default because with certain browsers
                (like Safari) it breaks access via HTTPS, so until that problem is fixed
                the default will be false -->
            <property name="clientAuth" value="false"/>
            <property name="keystoreFile" value="core/base/config/easyfkssl.jks"/>
            <property name="keystorePass" value="changeit"/>
            <property name="keystoreType" value="JKS"/>
            <property name="sslProtocol" value="TLS"/>
            <property name="ciphers" value=""/>
        </property>
    </container>

     
</easyfk-containers>